scramble,orientation,cross,corner_fr,corner_fl,corner_bl,corner_br,edge_fr,edge_fl,edge_bl,edge_br,EO,CO,CP,ep,total_moves
F' L' F' R L2 U2 F B R2 L B' L2 F2 B' R2 U2 R' L2 D L2 F2 L B,x2,F2 U' B L D' L2 F',F R' F2 U' F R,L U' L',U F2 L F2 L',F' U2 F,,U' L2 U2 L' U2 L2,U' B2 D2 F D2 B2,R' U2 B' R B U2 R,R B U B' U' R',R B' R' F R B R' F',R D' F2 R2 U' L F2 L' U R2 F2 D R',,70
L2 B' D2 U F' R2 F2 R2 D U B D' L F L' D' F2 U2 L2 R D2 R U' L D,x2,U' L' F U B L',B L' U2 L B',B' F U2 F' U B,F U2 F',R B' R B R2,L2 D' B L U' L' U B2 D,B' U2 R' U' R U2 B,U B2 D2 F D2 B2,L' B2 D' R D B2 L,,R' U' R U' R' U2 R,U2,F2 U L R' F2 L' R U F2,71
L2 B' U2 B2 D' B R D' F L2 U' B F2 L2 B U2 D' F R U2 L2 D2,x2,D' R' B' F' L2,B L' U2 L B',L U' L',F U' F',U F' U' F,L2 D' L U L' B' D L2,L' D2 B' R B D2 L,B2 D2 F' D2 B2,L F2 U F' U' F2 L',F' U2 F R B2 L' B' L U2 B' R',F2 R2 F L2 F' R2 F L2 F,L B L' F' D L D' B' L' F L2 U' L2,L2 F2 D2 R2 B F D2 L2 B F,90
F2 B2 L2 D2 R2 F' D2 U2 R U2 B2 D B D2 R2 F B' R F L' B,x2,L' B D' F2 L',R U R2 U2 R,L U L',L' R U L R',F' U' F,L2 D' U B2 D,B' U2 R' U' R U2 B,L' U2 B' U' B U2 L,B U B2 D' R2 D B,R' U' F' U F R,R' U' R U' R' U2 R,B' R B' L2 B R' B' L2 B2,L2 U' B F' L2 B' F U' L2,78
B2 L2 U L R2 F' U' D2 R' D R L B' D L2 D U F U' F D' R' D2 L',x2,F' D' L F D2,R U R2 U2 R,L' U2 L2 U' L',U2 F2 L F2 L',U F' U' F,U' L2 D2 R' D2 L2,B2 R B2 R2 B' U' R B R,L' U2 B' U' B U2 L,B L2 D F' D' L2 B',F' U2 F R B2 L' B' L U2 B' R',R' U' R U' R' U2 R,B' R B' L2 B R' B' L2 B2,,80
D' B' L U B2 R' B D2 B' L2 D2 U2 L R B' U2 B2 L' U2 L U' F2 L U',x2,U B F R B L',B' R' U R2 B R',B' U' F U2 B F',U2 F2 L F2 L',,R2 D' U F2 D,U' L2 U2 L' U2 L2,B D F L F2 D' B' U' L',,L U F U' F' L',R B L' B' R' B L B',R2 B2 R F R' B2 R F' R,F2 U L R' F2 L' R U F2,75
B' R2 F' D L' F2 B' R U D' B L2 D2 U2 R2 L' B2 U' F2 U2 B' F R L2 F',x2,F U' R2 B' L' D R,R2 F2 R2 F2,L F' U2 F L',L' B' U2 B L,R U2 B' R B R2,B' U' L' B L B,R2 D2 L' D2 R2,F L F L' U' F',R' U2 B' R' B U2 R,,F2 R2 F L2 F' R2 F L2 F,U B2 L2 B R B' L2 B R' B,L2 U' B F' L2 B' F U' L2,79
L F B L2 R' F L B R F2 B' L F B' U2 D R B2 R2 L2 U2 F2,x2,D F' L R2 B L,R' B' R2 B U' R,B' R' U2 R B,U2 F U' F',R2 B' R' B U2 R',B2 U2 B' U2 B2,B' U2 R' U2 R U2 B,L2 B2 D2 R' D2 B2 L2,R' U2 B' R' B U2 R,B' R' U' R U B,F U2 F' U' F U' F',B2 R2 B' L' B R2 B' L B',F2 U' L R' F2 L' R U' F2,84
B U2 F2 L B' R' U D' R U2 R' D F B' L U F2 D B F2 R B' F2,x2,R' U' B2 L' F' D,R2 F2 R2 F2,R' B2 R B2 R,L' U L,,L2 D2 R' D2 L2,L2 D U' F2 D',L' U2 B' U' B U2 L,B' R2 U' R U R2 B,,F2 R2 F L2 F' R2 F L2 F,R2 B2 R F R' B2 R F' R,L2 U B F' L2 B' F U L2,69
L2 R2 F2 U' L2 R D2 U' F' U2 R' B' L B U2 R' L U2 L U2 D L2 D,x2,L R' B' D B2 R B',B L' U2 L B',L U2 L',L' U B' U2 B L,R U2 R',R2 D' U F2 D,L2 D U' F2 D',L2 B2 D2 R' D2 B2 L2,,R U B U' B' R',B' U' B U' B' U2 B,U',B2 U L' R B2 L R' U B2,64
D B' R' F D' U R U' B2 U2 R2 L' F' R2 F' U' R B2 U2 D2 B2 U' L' D' F',x2,L2 U' F2 R' B' F,R' U R,B' R' U2 R B,F U F',F D2 B' D2 F',,,B D F L F2 D' B' U' L',L' B2 D' R D B2 L,R' U' F' U F R,R B' R' F R B R' F',U',F2 U B2 L2 U' R2 F2 L2 D' R2 U' F2,65
D2 R2 U2 R2 U' D2 B F R L' B' F2 R2 U2 F D2 R2 U L2 D2,x2,R B' U L' B F2 D2,R' U R,L' U2 L2 U' L',L' U' L,R B' R B R2,L2 D' L U L' B' D L2,B' U2 R' U2 R U2 B,U' B2 D2 F D2 B2,R U' R U2 F R2 F' U2 R2,R' U' F' U F R,F' U2 F2 U F2 U F2 U2 F',U L2 F2 L B L' F2 L B' L,B2 U' L' R B2 L R' U' B2,87
D U' B' U' L' D2 U' B' U2 D F2 L2 D R' F' D' U2 F D U' R' U2 F2 U' B,x2,L' F' L2 B2 R' D',B2 R B2 R',L2 F2 L2 F2,F U' F',F' U F,R2 D' U F2 D,B2 R B2 R2 B' U' R B R,U B2 D2 F D2 B2,B L2 D F' D' L2 B',R' U' F' U F R,B2 D F' L2 F D' B' U2 B',R2 F2 R' B' R F2 R' B R',F2 U B2 L2 U' R2 F2 L2 D' R2 U' F2,83
L2 U D2 B' U2 L R2 F' D2 F2 B2 D B L' F' B R2 D U F L D2,x2,R' U' L2 F R' B',R' B' R2 B R,L U L',F U' F',R B' R B R2,L2 D' B L U' L' U B2 D,L2 D U' F2 D',L' U2 B' U' B U2 L,R U' R U2 F R2 F' U2 R2,L' U' B' U B L,F' U2 F2 U F2 U F2 U2 F',R2 B2 R F R' B2 R F' R,B2 U' L' R B2 L R' U' B2,85
R D B U' F' B' D2 F2 R' F2 D' F' B L2 R' B' R' D2 B D B' D' B D',x2,U' B L' F D2 B L,U R' U' R,B' R' U2 R B,U' F U F',R U' R',L2 D' B L U' L' U B2 D,R2 D2 L' D2 R2,F L F L' U' F',L F2 U F' U' F2 L',B' R' U' R U B,F U2 F' U' F U' F',U L2 F2 L B L' F2 L B' L,F2 U B2 L2 U' R2 F2 L2 D' R2 U' F2,85
B R L F2 B2 L2 D F' U2 D' F R' B F U' L' R' B' R2 F2 D R2,x2,F R B2 D,F R' F2 U' F R,,L' U' L,R U' R',L2 D' B L U' L' U B2 D,B' U2 R' U2 R U2 B,L B2 D F2 D' B2 L',B U B2 D' R2 D B,L U F U' F' L',F' U B U' F U B',R2 B2 R F R' B2 R F' R,L2 U' B F' L2 B' F U' L2,77
B2 F2 D2 R' F' B2 R D R F' U' B' F' L U' F R2 U R L D' L2 R' B' U,x2,B F' L D,U' R2 B' R2 B,B' F U2 F' U B,U2 F U' F',R2 D B2 D' R2,U L2 D2 R' D2 L2,U' L2 U2 L' U2 L2,F L F L' U' F',B' R2 U' R U R2 B,R B U B' U' R',,U L2 F2 L B L' F2 L B' L,L2 F2 D2 R2 B F D2 L2 B F,75
L' U' F L' D L' R D' L D2 F2 R2 D U' R' L2 F D' R B,x2,D2 F D L B2 F',R' U2 R,B' R' U2 R B,R' F R2 U R' F',R B' R B R2,L2 D2 R D2 L2,B' U2 R' U' R U2 B,U' B2 D2 F D2 B2,B L2 D F' D' L2 B',F' U2 F R B2 L' B' L U2 B' R',B L F L' B' L F' L',L F' L B2 L' F L B2 L2,L2 U B F' L2 B' F U L2,87
B2 U2 L' D B' F D' U2 B' D2 U' B2 F2 L2 R U D2 B' L U2 D' B,x2,U L2 F2 R' B' D,R' B' R2 B U' R,U2 B' U B,L' U B' U2 B L,R' D2 L D2 R,L2 D2 R D2 L2,B2 R B2 R2 B' U' R B R,B2 D2 F' D2 B2,L F2 U F' U' F2 L',,B' U2 B F' D F2 U F2 D' L2 F,U B2 L2 B R B' L2 B R' B,B2 U' L' R B2 L R' U' B2,83
D2 L R' B2 R U R' U2 D F U F' U2 L R' B' R2 U R U L' R,x2,R' D2 U' B F L',R2 F2 R2 F2,F U B' U' B F',F2 L F2 L',R U2 R',R2 D' U F2 D,L' D2 B' R B D2 L,L2 B2 D2 R' D2 B2 L2,R U' R U2 F R2 F' U2 R2,,R U2 R2 U' R2 U' R2 U2 R,L F' L B2 L' F L B2 L2,L2 U R2 B2 U' F2 L2 B2 D' F2 U' L2,81
B' U D' B' L' B' F2 D' L2 R' D' U2 R2 D' B2 F2 L D U R D' B D2 R,x2,B' D2 F L B,F R' F2 U' F R,L2 F2 L2 F2,U' F U F',U F' U' F,,B' U2 R' U' R U2 B,L' U2 B' U' B U2 L,B' R2 U' R U R2 B,,B L F L' B' L F' L',U,R2 U B' F R2 B F' U R2,62
L U2 R' U L' B' D2 U R' B' R' U2 R2 B2 F2 U2 L2 R' B' F' U2,x2,L2 B2 L' D' B' F',B2 R B2 R',U B' U' B,F2 L F2 L',R' D2 L D2 R,R' B' R' B U R,B2 R B2 R2 B' U' R B R,L' U2 B' U2 B U2 L,R' U2 B' R' B U2 R,R' U' F' U F R,R' U' R U' R' U2 R,U2,,66
R' B' D L2 F2 D' L' F2 U B' R F' B' U2 R2 D2 B R F' L F,x2,L2 F D F L B,F R' F2 U' F R,B' R U2 R' B,U' F U F',R' D2 L D2 R,L2 D' L U L' B' D L2,B2 R B2 R2 B' U' R B R,U' B2 D2 F D2 B2,L F2 U F' U' F2 L',R' U' F' U F R,,U' L2 F2 L B L' F2 L B' L,R2 U B' F R2 B F' U R2,81
B F2 L' R' U B2 F L2 R2 B2 F2 L2 D2 U' F' B' L2 R2 B U L' D2 L' B' F',x2,R2 F2 D' B2 R D',L R' U L' R,B' R' U2 R B,L' U2 L,R B' R B R2,,L' D2 B' R B D2 L,B2 D2 F2 D2 B2,B L2 D F' D' L2 B',R' U' F' U F R,R2 D' L F2 L' D R U2 R,L F' L B2 L' F L B2 L2,L2 U B F' L2 B' F U L2,76
R' L' U' L B' R' B U R2 U L B2 D R L F2 U R D2 B' L' B' L D L',x2,B2 F L R F' D,B F' U' B' F,R' B2 R B2 R,L' U B' U2 B L,R2 B' R' B U2 R',B2 U2 B' U2 B2,U L2 U2 L' U2 L2,U' B2 D2 F D2 B2,R' U2 B' R B U2 R,R U B U' B' R',,L B L' F' D L D' B' L' F L2 U' L2,B2 U' L' R B2 L R' U' B2,80
D2 U' B' R U R2 L' D F' U' D2 F' R2 F U2 B' R' B R2 B2 R' L2 B',x2,F' D L' F' D,R U R2 U2 R,B' U' B,L' U L,U F' U2 F,,B' U2 R' U' R U2 B,B2 D2 F D2 B2,L' B2 D' R D B2 L,L U F U' F' L',B' U' B U' B' U2 B,U B2 L2 B R B' L2 B R' B,F2 U' L R' F2 L' R U' F2,71
U R L' D U R' U D2 B L D2 L' D R' B2 D2 U' F U2 R F2 D' L2 D,x2,R2 D B L2 R F',B F' U' B' F,L2 B L2 B',L' U B' U2 B L,R U2 R',B2 U2 B' U2 B2,R2 D2 L' D2 R2,B2 D2 F2 D2 B2,B L2 D F' D' L2 B',R' U' F' U F R,B2 D F' L2 F D' B' U2 B',R2 B2 R F R' B2 R F' R,L2 U' B F' L2 B' F U' L2,79
F' B2 R2 U' R2 L' U2 R' D L' D2 R F2 B2 L2 D2 U' F' U L2 R2 D,x2,U2 F R' B L' D' R2,B U' B',F U B' U' B F',R' F R2 U R' F',F' U2 F,L2 D2 R D2 L2,U' L2 U2 L' U2 L2,B2 D2 F D2 B2,B U B2 D' R2 D B,R B U B' U' R',B' U' B U' B' U2 B,U B L' B R2 B' L B R2 B2,L2 F2 D2 R2 B F D2 L2 B F,81
D L B U2 R B2 D2 U2 L U' D2 L2 F' L R F' D U F' U',x2,D2 F L2 R' D' L',R' U B' R2 B R,R' B2 R B2 R,L' U2 L,R U' R',L2 D2 R' D2 L2,B2 R B2 R2 B' U' R B R,B2 D2 F' D2 B2,,,R2 D' L F2 L' D R U2 R,L B L' F' D L D' B' L' F L2 U' L2,R2 U B' F R2 B F' U R2,73
L2 B2 R2 B2 F2 U D2 L F B R2 D2 B U R B U D2 B' U2 D' B' D' F,x2,D L2 R' D2 B' D',B' U' B2 U2 B',,,R2 B' R' B U2 R',F2 D2 U2 B2 D2,B' U2 R' U2 R U2 B,L' U2 B' U' B U2 L,R' U2 B' R2 B U2 R,F' U2 F R B2 L' B' L U2 B' R',F R B R' F' R B' R',R B' R F2 R' B R F2 R2,B2 U' L' R B2 L R' U' B2,80
B R L' B2 U D' R' U' R' D' R B F2 R U F' L2 U' B' D2 R2 U2 F' L2,x2,R2 B2 D F2 R B,B' R' U R2 B R',B' F U2 F' U B,L' U2 L,R2 D B2 D' R2,L2 D' L U L' B' D L2,L B L B' U' L',L' U2 B' U' B U2 L,R' U2 B' R2 B U2 R,F' U2 F R B2 L' B' L U2 B' R',B' U' B U' B' U2 B,L B L' F' D L D' B' L' F L2 U' L2,B2 U L' R B2 L R' U B2,94
R' L' F2 R D' L B' R2 L' U2 B' R2 D2 B' U L2 R' F' U2 D L' B2 F2,x2,B2 U' L' F2 D B L,B U' B',U2 B' U B,U2 F2 L F2 L',,U F2 D2 B D2 F2,R2 D2 L D2 R2,L2 B2 D2 R' D2 B2 L2,L' B2 D' R D B2 L,F' U2 F R B2 L' B' L U2 B' R',B' U2 B U B' U B,L' B L' F2 L B' L' F2 L2,F2 U' L R' F2 L' R U' F2,80
B' R2 B D' U' L2 D' U2 B F2 U2 R L2 B2 D' L F' R2 D' U2 R L2,x2,R' F' D' B' L' D2 L2,R2 F2 R2 F2,L2 B L2 B',U F2 L F2 L',,R2 D' U F2 D,B' U2 R' U' R U2 B,F L F L' U' F',L' B2 D' R D B2 L,L U F U' F' L',B U' F' U B' U' F,R2 B2 R F R' B2 R F' R,,67
D' U2 B F U2 D' B' L F2 B2 U2 L' R F2 D F U R L' B' D' L2,x2,F2 L R' D,R U R2 U2 R,U B' U' B,L' U B' U2 B L,F' U2 F,L2 D2 R' D2 L2,R2 D2 L' D2 R2,B D F L F2 D' B' U' L',,L U F U' F' L',B' U2 B F' D F2 U F2 D' L2 F,U' L2 F2 L B L' F2 L B' L,L2 F2 D2 R2 B F D2 L2 B F,78
R U R2 F L2 U' D L2 F' B2 R2 D R D R2 F' L2 F2 D' B' D' U L2 F2,x2,B F2 R B D F',B2 R B2 R',L U2 L',L' U L,F' U F,R2 D' U F2 D,U L2 U2 L' U2 L2,,B U B2 D' R2 D B,R U B U' B' R',B U2 B2 U' B2 U' B2 U2 B,R2 F2 R' B' R F2 R' B R' U,F2 U' L R' F2 L' R U' F2,71
L U D' L2 D R' U2 R' L' D U B D F' D R F U2 D2 L' D' R' U2,x2,B D2 B L2,R2 B' R2 B,B' U' F U2 B F',R' F R2 U R' F',U F' U' F,R' B' R' B U R,R2 D2 L D2 R2,L2 B2 D2 R' D2 B2 L2,L F2 U F' U' F2 L',L U F U' F' L',L2 B2 L' F2 L B2 L' F2 L',U B2 L2 B R B' L2 B R' B,L2 U R2 B2 U' F2 L2 B2 D' F2 U' L2,86
L2 D F R B R2 U L2 U' L2 D2 B' L D' B' D L2 B2 F R L' D2,x2,D U F' L R2 B D,U' R2 B' R2 B,B' U' B,F2 L F2 L',F' U F,R' B' R' B U R,R2 D2 L' D2 R2,L' U2 B' U' B U2 L,L' B2 D' R D B2 L,F' U2 F R B2 L' B' L U2 B' R',L U2 L2 U' L2 U' L2 U2 L,R2 U R2 U R2 U2 B L B' R2 B L' B',L2 F2 D2 R2 B F D2 L2 B F,90
F2 B L2 D' R L B D' U2 L U2 B R' D2 L' D2 U' L' F B U' R' B',x2,F D' R' F' L,B' R' U R2 B R',L U L',L' U' L,F' U2 F,U L2 D2 R' D2 L2,U L2 U2 L' U2 L2,B D F L F2 D' B' U' L',L' B2 D' R D B2 L,R B U B' U' R',R' U' R U' R' U2 R,R2 U R2 U R2 U2 B L B' R2 B L' B',F2 U' L R' F2 L' R U' F2,83
U B2 U' R B' U R U2 L' U2 D L D L2 D B' F R F' R' D F D,x2,D' B' L U' B F2,R' U R,L U' L',U2 F2 L F2 L',U F' U2 F,U' F2 D2 B D2 F2,R2 D2 L D2 R2,L' U2 B' U2 B U2 L,R' U2 B' R2 B U2 R,,F2 R2 F L2 F' R2 F L2 F,,L2 U R2 B2 U' F2 L2 B2 D' F2 U' L2,67
D' F2 B L2 D' R' F2 D' R' D2 B F2 U' D2 R D R2 U' R2 B2 D',x2,B' L' U B2 U2 F2,B U' B',F U B' U' B F',R' F R2 U R' F',U F' U2 F,F2 D2 U2 B2 D2,U L2 U2 L' U2 L2,B2 D2 F2 D2 B2,R' U2 B' R2 B U2 R,R B U B' U' R',R U R' U R U2 R',R B' R F2 R' B R F2 R2,B2 U' L' R B2 L R' U' B2,79
R' F2 R2 D' U F' D2 F' U B L' F2 L' B' F2 U L' B' U' F',x2,L U' B D2 B,F R' U2 R F',L U2 L',F U' F',R U R',R' B' R' B U R,B2 R B2 R2 B' U' R B R,B2 D2 F2 D2 B2,R' U2 B' R2 B U2 R,L U F U' F' L',R B' R' F R B R' F',U L2 F2 L B L' F2 L B' L,F2 U' L R' F2 L' R U' F2,79
F2 R2 F' U' D2 F B L R2 U B2 D B R L2 D2 L2 B R' F2 U L D U2,x2,U2 L' B2 D' L' D,L R' U L' R,U2 B' U B,U2 F2 L F2 L',F' U F,L2 D2 R' D2 L2,F2 D' U L2 D,,B' R2 U' R U R2 B,B' R' U' R U B,B' U' B U' B' U2 B,F R' F L2 F' R F L2 F2,,62
U L2 B2 F' D F R2 D2 F2 L' U D2 B F' U2 B' U R U2 D2 B2 F' R F',x2,B' D' L' F' R' B,B U' B',R' B2 R B2 R,,U F' U2 F,,R2 D2 L D2 R2,,B U B2 D' R2 D B,B' R' U' R U B,R2 D' L F2 L' D R U2 R,U' L2 F2 L B L' F2 L B' L,L2 U B F' L2 B' F U L2,64
R' D2 L2 D2 U2 L2 D2 F U L2 D' U B' L2 B' F' D' U L2 R' U D',x2,D L F2 L B R,B' R' U R2 B R',B' U B,L' U2 L,,U' L2 D2 R' D2 L2,R2 D U B D' U' R2,B2 D2 F' D2 B2,R' U2 B' R B U2 R,R' U' F' U F R,R U2 R2 U' R2 U' R2 U2 R,U' R B' R F2 R' B R F2 R2,,68
D2 L U2 R2 L B D2 F2 U2 R L' B2 L2 B' D F2 U B' F D2 B L2,x2,D2 B' F L' D' L2,R2 B' R2 B,B' U' F U2 B F',R' F R2 U R' F',F' U2 F,R2 D' U F2 D,B2 D' R B U' B' D B2,L2 B2 D2 R' D2 B2 L2,L' B2 D' R D B2 L,R' U' F' U F R,B' U' B U' B' U2 B,B' R B' L2 B R' B' L2 B2,,74
B R' L' U' F' R2 L' B F R' D L' U2 D B U B2 D2 F' U' B L' R' D2,x2,U' L' B2 R',B' R' U R2 B R',,F U F',R U2 R',,B2 R B2 R2 B' U' R B R,L' U2 B' U' B U2 L,R' U2 B' R B U2 R,,F' U B U' F U B',L B L' F' D L D' B' L' F L2 U' L2,L2 U' B F' L2 B' F U' L2,68
L' U2 L2 R' D' B' U' F2 L' F' B2 D' L' F2 U2 D F2 B D' R2 D' L2 U D',x2,B' F L F R B,F R' U2 R F',L2 F2 L2 F2,L' U2 L,R' D2 L D2 R,U' L2 D2 R' D2 L2,R2 D2 L D2 R2,B2 D2 F2 D2 B2,L F2 U F' U' F2 L',,B' U' B U' B' U2 B,L F' L B2 L' F L B2 L2,F2 U' L R' F2 L' R U' F2,71
R U L R B' D' B R' D U' F' D' F2 R U' B2 R2 F R2 U,x2,L' U F R' D' B,B F' U' B' F,L F' U2 F L',U2 F U' F',R U2 B' R B R2,L2 D' U B2 D,B2 D' R B U' B' D B2,L' U2 B' U2 B U2 L,R' U2 B' R2 B U2 R,R' U' F' U F R,B2 D F' L2 F D' B' U2 B',U B L' B R2 B' L B R2 B2,L2 U' B F' L2 B' F U' L2,87
R2 L' F R' U2 D2 L2 F' U' F D' B L B2 D R' U2 L' R D' L' F R2,x2,L D B L' F' D',B' R' U R2 B R',B' R U2 R' B,L' U L,F' U2 F,R' B' R' B U R,,L' U2 B' U2 B U2 L,B U B2 D' R2 D B,R U B U' B' R',B U' F' U B' U' F,L F' L B2 L' F L B2 L2,F2 U B2 L2 U' R2 F2 L2 D' R2 U' F2,77
D R' L2 D' U' L F2 U2 D R B L F D' F' D2 U F' U2 L U2 D' L',x2,B' F R' D' B2 L',R' U B' R2 B R,B' R U2 R' B,L' U' L,R2 D B2 D' R2,U F2 D2 B D2 F2,,B2 D2 F D2 B2,R U' R U2 F R2 F' U2 R2,R U B U' B' R',R2 D' L F2 L' D R U2 R,B2 R2 B' L' B R2 B' L B',L2 U B F' L2 B' F U L2,78
U' B2 D' F L2 B' D2 B' U' R L' D' F B' R F' D' U L' F' L R2 U R2 B,x2,B2 L' D' R F',B' R' U R2 B R',B' R' U2 R B,U2 F U' F',R U2 B' R B R2,R2 D' U F2 D,,L2 B2 D2 R' D2 B2 L2,B L2 D F' D' L2 B',R U B U' B' R',L U2 L2 U' L2 U' L2 U2 L,U',L2 F2 D2 R2 B F D2 L2 B F,71
R' U' F' U' F' R F' B U L2 R2 U2 D' F R' B2 F L2 F' U,x2,L D L' B F' D',R2 B' R2 B,B' R U2 R' B,L' B' U2 B U' L,R U R',L2 D' L U L' B' D L2,B2 D' R B U' B' D B2,L2 B2 D2 R' D2 B2 L2,R' U2 B' R' B U2 R,R U B U' B' R',L2 B2 L' F2 L B2 L' F2 L',U' L2 F2 L B L' F2 L B' L,F2 U' L R' F2 L' R U' F2,88
D2 R D2 R' D2 L D U L B' U2 D F' U' R2 U B' D' R2 U F B2,x2,U L2 B' R D R,B U2 B',B' R' U2 R B,F U2 F',F' U' F,U' F2 D2 B D2 F2,B2 D' R B U' B' D B2,B2 D2 F' D2 B2,B U B2 D' R2 D B,L' U' B' U B L,B U' F' U B' U' F,L' B L' F2 L B' L' F2 L2,F2 U B2 L2 U' R2 F2 L2 D' R2 U' F2,80
U2 D' F U' F2 R2 B' U R2 L2 B U2 D R' D2 F' B2 L' U2 R' D2 R2 U2 R2,x2,D' R' D2 B R D,B' R' U R2 B R',L F' U2 F L',L' U B' U2 B L,R B' R B R2,L2 D' U B2 D,U L2 U2 L' U2 L2,,R' U2 B' R2 B U2 R,F' U2 F R B2 L' B' L U2 B' R',R2 D' L F2 L' D R U2 R,U,F2 U B2 L2 U' R2 F2 L2 D' R2 U' F2,79
L2 R2 U2 L' R F' L U' R B2 R L D' B U2 D2 B2 D2 U2 B D' B',x2,L F2 D B L2 D',R' U' R,L U2 L',U2 F2 L F2 L',F' U2 F,R2 D' U F2 D,R2 D2 L' D2 R2,L' U2 B' U2 B U2 L,R' U2 B' R B U2 R,B' R' U' R U B,B U' F' U B' U' F,F R' F L2 F' R F L2 F2,,66
L' U B2 R B R2 U2 D L' R' D2 B U2 R F2 L' U B' F2 U2 B F U',x2,L B' F' L' D B L2,R' B' R2 B U' R,B' U B,L' R U L R',R2 D B2 D' R2,B' U' L' B L B,L B L B' U' L',F L F L' U' F',B L2 D F' D' L2 B',F' U2 F R B2 L' B' L U2 B' R',,U' R B' R F2 R' B R F2 R2,B2 U' L' R B2 L R' U' B2,81
F' D2 F' R2 U D' B' R F L' U2 F' B2 L R D2 L2 R2 D F U2,x2,F2 L' U R2 B L' F',U' R2 B' R2 B,L2 B L2 B',,R2 B' R' B U2 R',F2 D2 U2 B2 D2,,L B2 D F2 D' B2 L',R' U2 B' R B U2 R,R U B U' B' R',B' U' B U' B' U2 B,F R' F L2 F' R F L2 F2,L2 U B F' L2 B' F U L2,72
F B L' R' U2 F D2 L2 F' L2 F' D L' D F' U F D2 R2 D2 U2 B F',x2,D R B2 D' B L' F',B U' B',B' R U2 R' B,,F' U' F,L2 D' B L U' L' U B2 D,U L2 U2 L' U2 L2,U B2 D2 F D2 B2,,R' U' F' U F R,F R F' L F R' F' L',R2 F2 R' B' R F2 R' B R',F2 U B2 L2 U' R2 F2 L2 D' R2 U' F2,74
U L2 F2 U' D' F' D' U B' L2 B2 L' F2 B' R2 B' U' D L2 U2 L2 U',x2,L B D L' F2 R',B2 R B2 R',L U L',L' U L,R U' R',U' F2 D2 B D2 F2,B2 R B2 R2 B' U' R B R,,L F2 U F' U' F2 L',L' U' B' U B L,R B L' B' R' B L B',B2 R2 B' L' B R2 B' L B',R2 U' B' F R2 B F' U' R2,73
L B2 L' R B2 U2 D2 B' F2 L R F B L2 F' R' F2 U' F U' D2 L D2 L',x2,R2 B' F' L' R',B U' B',B' U B,R' F R2 U R' F',F' U' F,L2 D' B L U' L' U B2 D,L' D2 B' R B D2 L,L' U2 B' U2 B U2 L,R' U2 B' R2 B U2 R,L' U' B' U B L,R2 D' L F2 L' D R U2 R,B2 U B2 L' B R D B' D' L B R' B',B2 U' L' R B2 L R' U' B2,87
B R' L2 B' L2 R' F2 R' B' L' U2 L2 B' F' R2 F D2 R' U2 L,x2,B L2 U2 R2,B2 R B2 R',B' R' U2 R B,F2 L F2 L',F' U F,R' B' R' B U R,B' U2 R' U2 R U2 B,B2 D2 F' D2 B2,B' R2 U' R U R2 B,R B U B' U' R',F U2 F' U' F U' F',B2 R2 B' L' B R2 B' L B',F2 U B2 L2 U' R2 F2 L2 D' R2 U' F2,79
L U' F' D' F2 R' F R F2 U' B R2 D2 F R B2 D R D' L U,x2,B2 L2 F R B L',R' U B' R2 B R,L U L',L' R U L R',R B' R B R2,B2 U2 B U2 B2,R2 D U B D' U' R2,U' B2 D2 F D2 B2,R U' R U2 F R2 F' U2 R2,R' U' F' U F R,R2 D' L F2 L' D R U2 R,B2 R2 B' L' B R2 B' L B',,76
D B' D2 B2 U2 F' L R' F R' F' U' B' L' D' U F2 U B2 U' D' R2,x2,R D F L',F R' F2 U' F R,B' R U' R' B,L' U B' U2 B L,R U' R',L2 D2 R' D2 L2,B' U2 R' U' R U2 B,U' B2 D2 F D2 B2,L' B2 D' R D B2 L,R B U B' U' R',R U2 R2 U' R2 U' R2 U2 R,L' B L' F2 L B' L' F2 L2 U,L2 U R2 B2 U' F2 L2 B2 D' F2 U' L2,86
U R2 D' R2 U L D U B' D B2 D2 B U2 F' R U R' L U2 L' U2,x2,L R B L' D2,B U B',L U' L',L' R U L R',F' U2 F,B2 U2 B U2 B2,U' L2 U2 L' U2 L2,L' U2 B' U' B U2 L,R' U2 B' R2 B U2 R,L U F U' F' L',R2 D' L F2 L' D R U2 R,L' B L' F2 L B' L' F2 L2,L2 F2 D2 R2 B F D2 L2 B F,78
F' D2 U' L2 U' F' D' L2 R' F U' F D2 L2 U D' R D2 B' L R2 F',x2,F D' B L R,B' R' U R2 B R',L U2 L',F' U2 F2 U' F',R B' R B R2,U' L2 D2 R' D2 L2,L' D2 B' R B D2 L,B2 D2 F2 D2 B2,L F2 U F' U' F2 L',R' U' F' U F R,F U' B' U F' U' B,B2 U B2 L' B R D B' D' L B R' B',L2 U' B F' L2 B' F U' L2,84
R' D' R U L' F' L' F' B D2 R B U R2 L B R' L' B' F' D',x2,R' F2 L B' D,R2 B' R2 B,B' F U2 F' U B,F U' F',R U2 R',L2 D2 R' D2 L2,B2 R B2 R2 B' U' R B R,L B2 D F2 D' B2 L',B' R2 U' R U R2 B,R U B U' B' R',B L F' L' B' L F L',L' B L' F2 L B' L' F2 L2 U,L2 U R2 B2 U' F2 L2 B2 D' F2 U' L2,85
D' R2 D' B L F B2 U' L2 B L2 R2 D2 F U' F L' R D' B2 R' U,x2,D U B U2 L' D B,B2 R B2 R',F U B' U' B F',L' U' L,R U2 B' R B R2,B2 U2 B U2 B2,U' L2 U2 L' U2 L2,F L F L' U' F',,R U B U' B' R',F R F' L F R' F' L',U L2 F2 L B L' F2 L B' L,L2 U B F' L2 B' F U L2,76
F D2 B U' B' L' F2 R L U2 B' R' F R L B' D' L2 B2 U F2 R L U2 L2,x2,F' U L2 R' B F,B U B',F U B' U' B F',L' U B' U2 B L,R2 D B2 D' R2,L2 D' L U L' B' D L2,L' D2 B' R B D2 L,L' U2 B' U2 B U2 L,R' U2 B' R' B U2 R,L' U' B' U B L,R B' R' F R B R' F',F R' F L2 F' R F L2 F2,R2 U' B' F R2 B F' U' R2,87
D2 B' F' R U B2 R' U2 R D F' B2 U F2 B' L D U F' B D R D U B',x2,U' L' R2 B D B2 R,B U' B',L U2 L',U' F U F',F' U2 F,L2 D' U B2 D,F2 D' U L2 D,F L F L' U' F',L F2 U F' U' F2 L',F' U2 F R B2 L' B' L U2 B' R',R2 D' L F2 L' D R U2 R,U R B' R F2 R' B R F2 R2,R2 U B' F R2 B F' U R2,82
U D2 B' D2 R2 F' U D' L U L F U' F2 B' R2 D' B' L2 U2 F2 B,x2,B' D B2 F,B' U' B2 U2 B',L U2 L',F2 L F2 L',R B' R B R2,R2 D' U F2 D,R2 D U B D' U' R2,U B2 D2 F D2 B2,L' B2 D' R D B2 L,L U F U' F' L',L2 B2 L' F2 L B2 L' F2 L',U L2 F2 L B L' F2 L B' L,,71
D' B2 F' R' F U L' D' L R' B R' B2 R2 B' U' D L R2 B',x2,D B' F2 D' F2,B U' B',B' U2 B,L' U B' U2 B L,U F' U' F,L2 D' U B2 D,L B L B' U' L',U B2 D2 F D2 B2,R' U2 B' R' B U2 R,L' U' B' U B L,R B' R' F R B R' F',U,R2 U' B' F R2 B F' U' R2,69
L' R2 U B D2 B2 U' F' U F R' L2 D' L U L U2 B F2 L' F',x2,D B' L R B L2,F R' U2 R F',L2 F2 L2 F2,U F2 L F2 L',R B' R B R2,L2 D' L U L' B' D L2,L B L B' U' L',U B2 D2 F D2 B2,R' U2 B' R2 B U2 R,R B U B' U' R',B' U2 B U B' U B,U L2 F2 L B L' F2 L B' L,B2 U L' R B2 L R' U B2,84
U' F' U' B2 L2 F2 R' B' R2 U' B' L' B2 F2 U2 F U' B2 U R D,x2,L D' R' F D,B' R' U R2 B R',R' B2 R B2 R,R' F R2 U R' F',R B' R B R2,U' F2 D2 B D2 F2,B' U2 R' U2 R U2 B,B2 D2 F D2 B2,B L2 D F' D' L2 B',L U F U' F' L',R B R' F R B' R' F',U B L' B R2 B' L B R2 B2,F2 U' L R' F2 L' R U' F2,85
B' U' L' U L' R' U L2 D R' B2 R' U2 L2 D L' R U2 F' D,x2,L' B F2 R B D,R' U R,L2 B L2 B',U F2 L F2 L',F' U' F,L2 D2 R' D2 L2,B2 D' R B U' B' D B2,B2 D2 F D2 B2,,L U F U' F' L',F U2 F' U' F U' F',R2 F2 R' B' R F2 R' B R' U,,62
L2 D R2 L2 F' R2 L' F2 R' F' R' B2 D R2 L' U' F D' R2 L' B D2 F,x2,L B2 U2 F' L' D B,F R' F2 U' F R,B' F U B F',F U F',F' U' F,U' F2 D2 B D2 F2,L' D2 B' R B D2 L,L B2 D F2 D' B2 L',R U' R U2 F R2 F' U2 R2,L U F U' F' L',,U B L' B R2 B' L B R2 B2,B2 U' L' R B2 L R' U' B2,78
F L' R U2 L' U L2 U L' F' U' B' F2 U2 R2 L' F2 U' R2 F2,x2,D2 R B' F R',B U' B',B' U' B,L' B' U2 B L,F' U F,,B' U2 R' U' R U2 B,U B2 D2 F D2 B2,,R U B U' B' R',R' U' R U' R' U2 R,B' R B' L2 B R' B' L2 B2,L2 U' B F' L2 B' F U' L2,63
F R2 D2 B' F' D2 R L F U' B R2 U' B2 R D R B2 L' F,x2,R D F L B2 R D',U R' U' R,L U2 L',L' U L,R U2 B' R B R2,U F2 D2 B D2 F2,R2 D2 L D2 R2,B2 D2 F' D2 B2,R' U2 B' R' B U2 R,R' U' F' U F R,L F' L' B L F L' B',L' B L' F2 L B' L' F2 L2,F2 U' L R' F2 L' R U' F2,78
F' L B2 U' F2 R2 D F R D2 F2 D' F2 D' U2 R' U' F L R B' R U,x2,L' D' R F' L D2,B U' B',B' U' F U2 B F',,R U2 R',U' F2 D2 B D2 F2,L' D2 B' R B D2 L,,,,B U' F' U B' U' F,U R B' R F2 R' B R F2 R2,L2 F2 D2 R2 B F D2 L2 B F,58
F D2 U2 L' F2 B' U R D U2 L D L' R' U' L U2 L' D' L' B' U' B L U2,x2,B' R B2 L' F' D B,F R' U2 R F',B' U B,,R' D2 L D2 R,L2 D' U B2 D,L B L B' U' L',,B U B2 D' R2 D B,R' U' F' U F R,B2 D F' L2 F D' B' U2 B',U R B' R F2 R' B R F2 R2,R2 U' B' F R2 B F' U' R2,72
U F L' F L D F' R U R F L B U2 D2 L2 U' D' F' U2,x2,F2 D' B R D2 B,R' U2 R,U B' U' B,R' F R2 U R' F',R U R',F2 D2 U2 B2 D2,L' D2 B' R B D2 L,U' B2 D2 F D2 B2,,,F' U B U' F U B',B2 R2 B' L' B R2 B' L B',F2 U B2 L2 U' R2 F2 L2 D' R2 U' F2,68
D' U' B' D2 L D' U F2 U2 R L F2 R' B2 F2 U F D U' L' D' U2 B D',x2,R' B2 U' B L' F',U' R2 B' R2 B,B' U2 B,F2 L F2 L',F' U' F,L2 D' L U L' B' D L2,U' L2 U2 L' U2 L2,L2 B2 D2 R' D2 B2 L2,B' R2 U' R U R2 B,R B U B' U' R',R' U' R U' R' U2 R,B2 R2 B' L' B R2 B' L B',F2 U B2 L2 U' R2 F2 L2 D' R2 U' F2,83
U D' R' D B F U' B D R' F' D2 R2 U D2 R2 U2 L' D2 F U F' D2,x2,D' L D' B F R,B2 R B2 R',B' U' B,U' F U F',F D2 B' D2 F',U' L2 D2 R' D2 L2,L2 D U' F2 D',F L F L' U' F',L F2 U F' U' F2 L',B' R' U' R U B,R U2 R2 U' R2 U' R2 U2 R,R2 U R2 U R2 U2 B L B' R2 B L' B',R2 U' B' F R2 B F' U' R2,83
L R' U2 B' U' B' L U2 D F2 U' R D L B D B' R' D2 B2 F2,x2,B2 D' L D L' D2,L R' U L' R,L2 F2 L2 F2,,R2 B' R' B U2 R',U L2 D2 R' D2 L2,U L2 U2 L' U2 L2,B2 D2 F' D2 B2,L' B2 D' R D B2 L,R B U B' U' R',B U' F' U B' U' F,U B L' B R2 B' L B R2 B2,F2 U L R' F2 L' R U F2,77
R L' B2 U' L F2 B2 R2 B U' D2 R2 B D F2 U R' L F' U2 F,x2,F2 R' F' L' B2 D',,U B' U' B,L' U B' U2 B L,F' U' F,L2 D' B L U' L' U B2 D,,L' U2 B' U' B U2 L,R' U2 B' R B U2 R,L U F U' F' L',F2 R2 F L2 F' R2 F L2 F,F R' F L2 F' R F L2 F2,,66
U2 F2 B' D2 F' D' R2 L' U D R2 U F U' B R2 U2 F' U' B' R F' L' F' R',x2,L2 D U2 L' D B,R U R2 U2 R,U2 B' U B,L' U L,R U R',L2 D2 R D2 L2,U' L2 U2 L' U2 L2,U' B2 D2 F D2 B2,B' R2 U' R U R2 B,R B U B' U' R',B' U2 B F' D F2 U F2 D' L2 F,U,R2 U B' F R2 B F' U R2,72
R2 F2 B R2 D B' L2 U2 R U' L D R2 B' R L2 F2 D' B' D U2 L,x2,U' L2 R' F D2 F,R U R2 U2 R,L U2 L',F U F',R2 D B2 D' R2,R' B' R' B U R,B2 D' R B U' B' D B2,B2 D2 F' D2 B2,R' U2 B' R' B U2 R,L' U' B' U B L,B U' F' U B' U' F,B' R B' L2 B R' B' L2 B2,F2 U L R' F2 L' R U F2,79
R D' R' F D2 L R B R2 B' L2 D' U B' L F' D' L2 D2 R' B L2,x2,R D2 R F D L',B U' B',L2 B L2 B',U2 F2 L F2 L',U F' U2 F,L2 D2 R' D2 L2,B2 D' R B U' B' D B2,L' U2 B' U' B U2 L,L F2 U F' U' F2 L',F' U2 F R B2 L' B' L U2 B' R',R U2 R2 U' R2 U' R2 U2 R,R2 B2 R F R' B2 R F' R,L2 F2 D2 R2 B F D2 L2 B F,88
D2 F' D' F D2 U2 L2 D2 F R2 L U' R2 L2 U F L U D' L2 U L U',x2,U B' D B' R,B U2 B',B' F U2 F' U B,U2 F U' F',R2 B' R' B U2 R',B' U' L' B L B,L2 D U' F2 D',U' B2 D2 F D2 B2,R' U2 B' R B U2 R,F' U2 F R B2 L' B' L U2 B' R',R B R' F R B' R' F',L B L' F' D L D' B' L' F L2 U' L2,R2 U' B' F R2 B F' U' R2,89
U' L2 F R2 L' F R F L B' L' D U' L' B' F L2 R U2 R',x2,U2 L2 U L R2 B F',B U' B',B' U' F U2 B F',U F2 L F2 L',R2 B' R' B U2 R',,R2 D2 L D2 R2,B2 D2 F' D2 B2,B L2 D F' D' L2 B',R U B U' B' R',L U2 L2 U' L2 U' L2 U2 L,R2 U R2 U R2 U2 B L B' R2 B L' B',,72
B2 F2 R' F R D B' L2 F2 R' L' F' U2 B2 U2 R B' L' D2 U',x2,F R' U B2 D2 B',L R' U L' R,L2 F2 L2 F2,L' B' U2 B L,F D2 B' D2 F',B' U' L' B L B,R2 D2 L D2 R2,B2 D2 F2 D2 B2,B' R2 U' R U R2 B,L' U' B' U B L,R U2 R2 U' R2 U' R2 U2 R,B' R B' L2 B R' B' L2 B2,B2 U' L' R B2 L R' U' B2,81
R L B' R' U2 F2 U' F' U2 F' U2 R2 D' F2 R2 U' F' D2 B' D2 U2 B' F,x2,F L R' U2 F' L,R' B' R2 B U' R,L F' U2 F L',F U F',R B' R B R2,U' L2 D2 R' D2 L2,B2 R B2 R2 B' U' R B R,B2 D2 F2 D2 B2,R U' R U2 F R2 F' U2 R2,,B2 D F' L2 F D' B' U2 B',B2 U B2 L' B R D B' D' L B R' B',,76
F2 R2 U' L2 R' B2 U R' B D2 U2 F L D2 U2 R' F U2 F2 B' R' L' B F',x2,B' R D' L' B' R2,R2 B' R2 B,L' U2 L2 U' L',U2 F2 L F2 L',F' U F,L2 D2 R' D2 L2,F2 D' U L2 D,U' B2 D2 F D2 B2,,F' U2 F R B2 L' B' L U2 B' R',F' U2 F2 U F2 U F2 U2 F',U' R B' R F2 R' B R F2 R2,F2 U' L R' F2 L' R U' F2,78
B U2 D2 B R U2 D R U2 B2 R2 B2 F' R' L D2 R' F U' L2 U L' D' U' F,x2,B' L D B2 F' D B,R' U B' R2 B R,F U B' U' B F',L' U B' U2 B L,F D2 B' D2 F',U F2 D2 B D2 F2,R2 D2 L D2 R2,B2 D2 F2 D2 B2,L F2 U F' U' F2 L',B' R' U' R U B,F R B R' F' R B' R',L B L' F' D L D' B' L' F L2 U' L2,B2 U L' R B2 L R' U B2,89
D2 R2 F D R2 D2 F2 U2 L' B2 L' B R U' L2 B' R2 L' F2 U B F' D2,x2,B2 U' F2 L R,U R' U' R,L F' U2 F L',L' U L,R B' R B R2,F2 D2 U2 B2 D2,L' D2 B' R B D2 L,,R' U2 B' R2 B U2 R,,R2 D' L F2 L' D R U2 R,U L2 F2 L B L' F2 L B' L,R2 U B' F R2 B F' U R2,69
L' R' U B L2 B R2 U2 D2 R L' U' R D L U2 R U D' B U' L2 D' R2,x2,D R2 B F,R U R2 U2 R,L2 B L2 B',F U2 F',R U2 B' R B R2,U L2 D2 R' D2 L2,F2 D' U L2 D,F L F L' U' F',,,R B L' B' R' B L B',U2,L2 U R2 B2 U' F2 L2 B2 D' F2 U' L2,60
F B' D' U B2 D' L' U R' L' B2 L2 B R L B' U2 F L' R2 U2 L' U D2,x2,U L2 D' R F',R' U2 R,B' U' B,F U2 F',F' U2 F,L2 D2 R D2 L2,U' L2 U2 L' U2 L2,B2 D2 F' D2 B2,R' U2 B' R2 B U2 R,R U B U' B' R',F U' B' U F' U' B,U R B' R F2 R' B R F2 R2,F2 U B2 L2 U' R2 F2 L2 D' R2 U' F2,75
U F2 U' F' B' R U' D2 R' B L2 R D U2 F' R2 B U2 D2 R2 U2 L' R,x2,B L2 F' L D B D,B F' U' B' F,U2 B' U B,L' U' L,F' U' F,B2 U2 B' U2 B2,R2 D2 L' D2 R2,B2 D2 F D2 B2,R' U2 B' R2 B U2 R,L' U' B' U B L,B' U2 B F' D F2 U F2 D' L2 F,R2 F2 R' B' R F2 R' B R',F2 U L R' F2 L' R U F2,79
D' B' L' D L2 B' F' U F' U B' L' D2 U' L2 U' L' D R' F2 B R2 D R' F2,x2,B' R2 D' B L',R' U' R,B' F U2 F' U B,L' U L,U F' U' F,,R2 D2 L D2 R2,B2 D2 F2 D2 B2,B' R2 U' R U R2 B,L U F U' F' L',F R F' L F R' F' L',F R' F L2 F' R F L2 F2,R2 U B' F R2 B F' U R2,70
B2 U2 L2 B2 R U2 R L2 F' U2 L2 D' F2 R2 B L2 D L F B2 D B D2 R,x2,R' F L B' F2 D,B L' U2 L B',L U' L',F2 L F2 L',R U2 R',U' F2 D2 B D2 F2,B' U2 R' U' R U2 B,U B2 D2 F D2 B2,L' B2 D' R D B2 L,L' U' B' U B L,B U2 B2 U' B2 U' B2 U2 B,U B2 L2 B R B' L2 B R' B,L2 U R2 B2 U' F2 L2 B2 D' F2 U' L2,84
F2 R2 L2 F2 B2 R B' L' F' L B L2 R D' U2 R' L' F' B2 L' U2 F2,x2,F L2 D R' B,B2 R B2 R',B' R U' R' B,F2 L F2 L',U F' U' F,B' U' L' B L B,L B L B' U' L',F L F L' U' F',B' R2 U' R U R2 B,,F' U2 F2 U F2 U F2 U2 F',L F' L B2 L' F L B2 L2,R2 U' B' F R2 B F' U' R2,74
F B U' B U L2 B' D2 U2 L D L' R B U' R F2 B2 D F2 D L2 B2 U2 B,x2,R' B' F R D F,R' U B' R2 B R,L2 B L2 B',,R2 B' R' B U2 R',R2 D' U F2 D,F2 D' U L2 D,,B' R2 U' R U R2 B,R B U B' U' R',F2 R2 F L2 F' R2 F L2 F,B' R B' L2 B R' B' L2 B2,L2 U R2 B2 U' F2 L2 B2 D' F2 U' L2,75
U2 R U D F U F' B' U D2 L2 B F2 D2 B L' R2 U' D' F,x2,F R' B2 L2 F' D',F R' F2 U' F R,L F' U2 F L',F U2 F',R U' R',B2 U2 B U2 B2,L B L B' U' L',L2 B2 D2 R' D2 B2 L2,B' R2 U' R U R2 B,,F2 R2 F L2 F' R2 F L2 F,U R B' R F2 R' B R F2 R2,L2 U R2 B2 U' F2 L2 B2 D' F2 U' L2,79
R2 U' F' B L U' R B L R2 B L B R B' R' D' L' U' B,x2,B' L' D2 F' L' D,R' U R,L F' U2 F L',L' B' U2 B U' L,R2 B' R' B U2 R',B2 U2 B U2 B2,L' D2 B' R B D2 L,B D F L F2 D' B' U' L',B' R2 U' R U R2 B,,R U R' U R U2 R',L F' L B2 L' F L B2 L2,R2 U B' F R2 B F' U R2,79
L2 U2 B' F' L' R' D2 R U' L2 U2 R2 F2 U2 D' B D U2 R' F' R',x2,B D' R' U B L' F',U R' U2 R,F U B' U' B F',U F2 L F2 L',R2 B' R' B U2 R',B2 U2 B U2 B2,B' U2 R' U2 R U2 B,U B2 D2 F D2 B2,L F2 U F' U' F2 L',,F' U2 F2 U F2 U F2 U2 F',L B L' F' D L D' B' L' F L2 U' L2,L2 U R2 B2 U' F2 L2 B2 D' F2 U' L2,87
D R' B' F R' D B' U2 L2 B R2 F2 L' F2 D2 L F D2 R' F2 D2 F,x2,D2 R' D' B D2 L,R' B' R2 B U' R,L' U2 L2 U' L',U F2 L F2 L',R U2 B' R B R2,L2 D' B L U' L' U B2 D,B' U2 R' U' R U2 B,L' U2 B' U' B U2 L,R' U2 B' R B U2 R,R' U' F' U F R,,B2 R2 B' L' B R2 B' L B',L2 F2 D2 R2 B F D2 L2 B F,83
B2 U2 F L' F' R2 L2 D2 F2 D' L2 U' D B L D U2 F D L' B2 L',x2,U2 B' L' R' B D' L',R' B' R2 B U' R,L U2 L',L' U2 L,R' D2 L D2 R,F2 D2 U2 B2 D2,L B L B' U' L',U B2 D2 F D2 B2,R' U2 B' R B U2 R,F' U2 F R B2 L' B' L U2 B' R',,,L2 U R2 B2 U' F2 L2 B2 D' F2 U' L2,71
D2 R2 B F U F' R U D2 R D L2 D' R' L2 U' B' L2 D2 F',x2,B R U' B L',R U R2 U2 R,L2 B L2 B',F' U2 F2 U' F',,R2 D' U F2 D,L' D2 B' R B D2 L,L' U2 B' U2 B U2 L,B' R2 U' R U R2 B,B' R' U' R U B,F R B R' F' R B' R',U B2 L2 B R B' L2 B R' B,F2 U' L R' F2 L' R U' F2,78
F' R2 B L U B U F D' F' D2 U2 L U D2 L F L D2 U' R2 F2 U',x2,L D2 L U' R2 B,B' R' U R2 B R',U2 B' U B,U' F U F',R U2 B' R B R2,,,L' U2 B' U' B U2 L,R U' R U2 F R2 F' U2 R2,,L2 B2 L' F2 L B2 L' F2 L',R B' R F2 R' B R F2 R2,R2 U B' F R2 B F' U R2,69
U' R D' U R' F2 B R' D R D2 F' U2 L2 B' L' F' B2 U' D R L2 D R',x2,D' R B' F,,B' R' U2 R B,L' U2 L,R U R',U' L2 D2 R' D2 L2,L' D2 B' R B D2 L,L B2 D F2 D' B2 L',,R' U' F' U F R,L U2 L2 U' L2 U' L2 U2 L,,F2 U L R' F2 L' R U F2,59
D2 R2 F' L2 U2 F2 U L2 R D' B L2 U' B2 F2 D2 L D2 L U R2 D' F' R2 F,x2,L2 D L' B' R2,B2 R B2 R',B' U' F U2 B F',L' U B' U2 B L,R2 D B2 D' R2,L2 D' L U L' B' D L2,R2 D2 L D2 R2,,L' B2 D' R D B2 L,L' U' B' U B L,B U B' U B U F' U B' U' F,R2 B2 R F R' B2 R F' R,F2 U' L R' F2 L' R U' F2,81
B' U B' L D' F2 L B' F2 D L2 U2 L U' F' L2 U R' F U B2 R D,x2,U L' R2 U2 B L',B' R' U R2 B R',L U L',L' R U L R',R2 D B2 D' R2,B2 U2 B U2 B2,B2 D' R B U' B' D B2,L2 B2 D2 R' D2 B2 L2,R' U2 B' R B U2 R,R' U' F' U F R,B L F' L' B' L F L',U',F2 U L R' F2 L' R U F2,76
D2 U2 F B U R2 U F R' U2 B F2 L F2 L U2 F2 U B' L2 F U' R' D',x2,R' B' R2 D F' R',U' R2 B' R2 B,L2 F2 L2 F2,L' U L,R2 B' R' B U2 R',L2 D2 R' D2 L2,B' U2 R' U2 R U2 B,B2 D2 F' D2 B2,R' U2 B' R2 B U2 R,F' U2 F R B2 L' B' L U2 B' R',B L F L' B' L F' L',F R' F L2 F' R F L2 F2,L2 U' B F' L2 B' F U' L2,85
F2 B D' R' F' D L2 B D2 B' L2 B2 U' D' F' L' F2 D2 L2 B' R' B2,x2,D B' F2 D',L R' U L' R,B' U2 B,U2 F U' F',R B' R B R2,L2 D' L U L' B' D L2,R2 D2 L' D2 R2,,B L2 D F' D' L2 B',B' R' U' R U B,R' U' R U' R' U2 R,R D' F2 R2 U' L F2 L' U R2 F2 D R',L2 U B F' L2 B' F U L2,76
L2 R' B2 D R' D' R' L B R' B' D L' R B U D B2 L B2 U2 F' B2,x2,B' R D' L' D2,B2 R B2 R',L2 F2 L2 F2,U F2 L F2 L',R U2 R',L2 D' U B2 D,L B L B' U' L',L' U2 B' U' B U2 L,R' U2 B' R' B U2 R,,F' U2 F2 U F2 U F2 U2 F',U' L2 F2 L B L' F2 L B' L,F2 U B2 L2 U' R2 F2 L2 D' R2 U' F2,77
R' D L R F' L R F2 B D U2 B D U' R2 U' D2 F2 R' D' F2 U2 F' B,x2,L' D' L' R' F' L,B' U' B2 U2 B',L' U2 L2 U' L',U F2 L F2 L',U F' U' F,U' F2 D2 B D2 F2,R2 D2 L' D2 R2,,B' R2 U' R U R2 B,R B U B' U' R',R U R' U R U2 R',U2,B2 U L' R B2 L R' U B2,66
U2 L B2 L B2 R L2 U B2 L R2 D2 L R F' L2 D' R' B L2 B2 U L2,x2,R' F D L,R' U2 R,B' F U2 F' U B,L' B' U2 B U' L,,U' F2 D2 B D2 F2,R2 D2 L' D2 R2,L B2 D F2 D' B2 L',L' B2 D' R D B2 L,,B U B' U B U F' U B' U' F,U',L2 U R2 B2 U' F2 L2 B2 D' F2 U' L2,68
R2 L' D' B2 R L U' R' B' L' D B2 U' B2 D F2 U' F B D' L' B2 R2,x2,B R F' L' B' D,B2 R B2 R',B' U B,F' U2 F2 U' F',R2 B' R' B U2 R',U F2 D2 B D2 F2,R2 D U B D' U' R2,U' B2 D2 F D2 B2,L F2 U F' U' F2 L',F' U2 F R B2 L' B' L U2 B' R',F R F' L F R' F' L',R D' F2 R2 U' L F2 L' U R2 F2 D R',R2 U B' F R2 B F' U R2,91
F2 R' D2 L2 D' F2 D L' U' D L2 B L' U2 F R2 F2 D B' D2,x2,R' F L D' F' R',U' R2 B' R2 B,R' B2 R B2 R,U F2 L F2 L',F D2 B' D2 F',U' L2 D2 R' D2 L2,B' U2 R' U2 R U2 B,U' B2 D2 F D2 B2,,L U F U' F' L',B U2 B2 U' B2 U' B2 U2 B,U' R B' R F2 R' B R F2 R2,F2 U' L R' F2 L' R U' F2,79
F L U R U2 B' R L F' B' U2 D R F' R' L F U D2 L2,x2,D' R B' D L' R,B' U' B2 U2 B',,F U' F',R U' R',L2 D' U B2 D,R2 D U B D' U' R2,U' B2 D2 F D2 B2,B U B2 D' R2 D B,L U F U' F' L',,U2,L2 U R2 B2 U' F2 L2 B2 D' F2 U' L2,61
U' B2 D L' B' F2 L' R' U B' F' U' R' U2 D R L2 F2 D2 U,x2,L2 F' D L D B L',R2 B' R2 B,L' U2 L2 U' L',L' B' U2 B L,R B' R B R2,R' B' R' B U R,,L B2 D F2 D' B2 L',B' R2 U' R U R2 B,L' U' B' U B L,F U' B' U F' U' B,B2 U B2 L' B R D B' D' L B R' B',B2 U' L' R B2 L R' U' B2,81
F B' D' U2 R2 L D R B' F R L2 F U2 D L' R D2 B U' R D B' F R,x2,D2 R' F L' D,R' U B' R2 B R,,F U' F',F' U2 F,,B' U2 R' U' R U2 B,B2 D2 F D2 B2,B U B2 D' R2 D B,B' R' U' R U B,F' U2 F2 U F2 U F2 U2 F',U B L' B R2 B' L B R2 B2,F2 U L R' F2 L' R U F2,70
F2 B L R' B F2 U2 B D F2 B U R B R B2 F U R' F2 D' U R2,x2,L B2 F D2 B L,B L' U2 L B',B' U' B,U F2 L F2 L',R' D2 L D2 R,L2 D' U B2 D,B' U2 R' U2 R U2 B,U' B2 D2 F D2 B2,B U B2 D' R2 D B,B' R' U' R U B,F R B R' F' R B' R',L B L' F' D L D' B' L' F L2 U' L2,L2 U R2 B2 U' F2 L2 B2 D' F2 U' L2,88
F2 R' L2 F B U' R' F2 B U' F' L F L D2 F2 D F2 D' L2 F' L U2,x2,L2 D L F' D L2,B2 R B2 R',L2 F2 L2 F2,,F' U' F,B2 U2 B U2 B2,,B D F L F2 D' B' U' L',L F2 U F' U' F2 L',,L2 B2 L' F2 L B2 L' F2 L',L' B L' F2 L B' L' F2 L2,R2 U' B' F R2 B F' U' R2,65
D2 F' B2 R2 F' R2 F L' R D' L B L2 R2 B F' L' D2 R2 B2 F2,x2,D2 U' B2 D2 L',,B' U2 B,L' U2 L,F' U2 F,L2 D2 R' D2 L2,L B L B' U' L',U B2 D2 F D2 B2,R' U2 B' R B U2 R,R' U' F' U F R,L U2 L2 U' L2 U' L2 U2 L,U R B' R F2 R' B R F2 R2,,63
U' B' U2 F2 U L' F U2 R2 L2 F' D2 B F2 U D B2 R D' F2 B' U,x2,F R' D L' F' D2,R' B' R2 B R,R' B2 R B2 R,L' U B' U2 B L,R' D2 L D2 R,F2 D2 U2 B2 D2,L B L B' U' L',L' U2 B' U2 B U2 L,B' R2 U' R U R2 B,B' R' U' R U B,B U' F' U B' U' F,L' B L' F2 L B' L' F2 L2 U,R2 U B' F R2 B F' U R2,84
U2 D' R U2 F' D2 F' U F2 B D2 R U2 R' B2 F R U B L U' D' B' U' R2,x2,B' D F2 D L' D,R2 B' R2 B,F U B' U' B F',U2 F U' F',F' U2 F,F2 D2 U2 B2 D2,R2 D2 L D2 R2,U B2 D2 F D2 B2,R' U2 B' R' B U2 R,F' U2 F R B2 L' B' L U2 B' R',F U' B' U F' U' B,,B2 U L' R B2 L R' U B2,73
F R' D B2 L2 U R' B D F2 L D2 U2 F U2 B' D2 U' B2 U' D2,x2,U' R2 B L' D',F R' U2 R F',L U L',L' U B' U2 B L,R U R',B2 U2 B U2 B2,U' L2 U2 L' U2 L2,L2 B2 D2 R' D2 B2 L2,B L2 D F' D' L2 B',F' U2 F R B2 L' B' L U2 B' R',R B L' B' R' B L B',,L2 U B F' L2 B' F U L2,75
F D2 R2 U D' R L2 U D R2 U' R2 U2 B' L F2 R' F R2 U2 B' F,x2,B' L2 F' L' D L',R U R2 U2 R,F U B' U' B F',L' R U L R',F' U' F,,F2 D' U L2 D,B2 D2 F2 D2 B2,B U B2 D' R2 D B,R' U' F' U F R,R U2 R2 U' R2 U' R2 U2 R,L' B L' F2 L B' L' F2 L2 U,L2 U R2 B2 U' F2 L2 B2 D' F2 U' L2,79
B' L2 B2 D L2 D' F' L2 U' R' D' B2 U' B D' B2 F2 D2 R D2 R2 D2 R' F2 L',x2,L' D U2 B D' L2,R' U R,B' R U2 R' B,L' U' L,U F' U' F,,R2 D U B D' U' R2,B2 D2 F D2 B2,R' U2 B' R2 B U2 R,F' U2 F R B2 L' B' L U2 B' R',R U R' U R U2 R',U' R B' R F2 R' B R F2 R2,F2 U B2 L2 U' R2 F2 L2 D' R2 U' F2,80
L' U F2 L' U B R2 B2 R' F' D' F' B2 R' B U2 F R2 F D2 U2,x2,F' L D' F,R' U' R,U B' U' B,U2 F U' F',F' U' F,R2 D' U F2 D,R2 D U B D' U' R2,U B2 D2 F D2 B2,R' U2 B' R2 B U2 R,R B U B' U' R',F U' B' U F' U' B,L B L' F' D L D' B' L' F L2 U' L2,L2 U B F' L2 B' F U L2,78
F2 B2 R2 F2 D2 F2 R' F R' B2 D U2 L2 R' B D' U R' L F' L2 D' R2,x2,R B2 L' D R,L R' U L' R,R' B2 R B2 R,F U' F',R U2 B' R B R2,L2 D2 R' D2 L2,F2 D' U L2 D,B2 D2 F D2 B2,B U B2 D' R2 D B,,L F' L' B L F L' B',U B2 L2 B R B' L2 B R' B,B2 U L' R B2 L R' U B2,73
L2 B2 L' B' U2 R U2 F' R2 F B' D' F' U2 F U B2 D L' F2 U,x2,B2 L D' R2 F,R' U' R,B' U' F U2 B F',L' R U L R',R2 B' R' B U2 R',L2 D2 R' D2 L2,F2 D' U L2 D,U B2 D2 F D2 B2,B' R2 U' R U R2 B,L U F U' F' L',F' U2 F2 U F2 U F2 U2 F',R2 F2 R' B' R F2 R' B R',R2 U B' F R2 B F' U R2,81
R D2 U B2 F' D' L U' D2 R L2 B2 F L F2 B2 L' R' D' F' R F' U' F' L,x2,U' R2 F2 U L' B D,R' U R,L U L',F U' F',F D2 B' D2 F',,,L B2 D F2 D' B2 L',L' B2 D' R D B2 L,R U B U' B' R',B' U2 B U B' U B,R D' F2 R2 U' L F2 L' U R2 F2 D R',B2 U' L' R B2 L R' U' B2,70
D2 F U B2 R' L' D' R' L D' U R2 U' D2 L2 D2 F2 R F R' B' D',x2,B' R' U L' R2 B F2,R' U B' R2 B R,B' U' F U2 B F',L' U2 L,U F' U2 F,R2 D' U F2 D,F2 D' U L2 D,B2 D2 F' D2 B2,R' U2 B' R2 B U2 R,B' R' U' R U B,L F' L' B L F L' B',L' B L' F2 L B' L' F2 L2,L2 F2 D2 R2 B F D2 L2 B F,81
L2 F U2 L U2 L2 D2 R' B2 F D2 F L' D2 R2 L' F' B R2 L' F U2 L' R F,x2,B2 L' B F2,B U B',B' F U2 F' U B,,R B' R B R2,L2 D' U B2 D,U' L2 U2 L' U2 L2,,L F2 U F' U' F2 L',F' U2 F R B2 L' B' L U2 B' R',L F' L' B L F L' B',R2 F2 R' B' R F2 R' B R',F2 U L R' F2 L' R U F2,73
U' R2 D2 U L' F U' F L R U F2 D2 B' L' U2 R F' D2 F' B L U2 D',x2,F U2 B2 D R B,B L' U2 L B',B' U' B,L' U B' U2 B L,R U2 R',U' F2 D2 B D2 F2,U' L2 U2 L' U2 L2,L2 B2 D2 R' D2 B2 L2,B U B2 D' R2 D B,B' R' U' R U B,B' U2 B U B' U B,U R B' R F2 R' B R F2 R2,F2 U B2 L2 U' R2 F2 L2 D' R2 U' F2,84
L' D R L U' B' R2 F2 U L R F D' U2 F2 U' F' D' R2 U' F D,x2,L' D2 B F,F R' U2 R F',B' F U B F',L' R U L R',R2 D B2 D' R2,R' B' R' B U R,,B2 D2 F D2 B2,,L U F U' F' L',R B R' F R B' R' F',L B L' F' D L D' B' L' F L2 U' L2,F2 U L R' F2 L' R U F2,71
R' F U2 D2 L U F' U D' R' U L U2 R' F B U L D' F' B',x2,B2 D' F R B2,B U' B',B' F U B F',U2 F2 L F2 L',F' U F,U F2 D2 B D2 F2,L B L B' U' L',L' U2 B' U2 B U2 L,L' B2 D' R D B2 L,F' U2 F R B2 L' B' L U2 B' R',R B R' F R B' R' F',L' B L' F2 L B' L' F2 L2 U,L2 U' B F' L2 B' F U' L2,85
R' F2 L2 D2 B2 R' F U' B' D B F U2 L F' D' L B L B' F2 R' B F,x2,R D2 B' R F' L' D,B U B',B' U B,L' B' U2 B L,F D2 B' D2 F',L2 D2 R' D2 L2,U L2 U2 L' U2 L2,B2 D2 F D2 B2,B U B2 D' R2 D B,F' U2 F R B2 L' B' L U2 B' R',F U' B' U F' U' B,U,R2 U' B' F R2 B F' U' R2,74
D' B D' F' B2 U2 L' U' D R' L U R' B2 U2 R2 L U B2 L2 D' F,x2,B2 R B D F L',B' R' U R2 B R',B' U' B,F U' F',R B' R B R2,L2 D' L U L' B' D L2,L' D2 B' R B D2 L,L' U2 B' U' B U2 L,,L' U' B' U B L,B U2 B2 U' B2 U' B2 U2 B,U B2 L2 B R B' L2 B R' B,B2 U L' R B2 L R' U B2,79
D' L2 D' L2 F' U2 L2 D2 L D B D' B2 R' F D B' U' R2 F2 U' B,x2,D' B' R D R',B' R' U R2 B R',L U L',R' F R2 U R' F',F' U F,,,B2 D2 F2 D2 B2,B U B2 D' R2 D B,F' U2 F R B2 L' B' L U2 B' R',F2 R2 F L2 F' R2 F L2 F,R2 B2 R F R' B2 R F' R,R2 U B' F R2 B F' U R2,73
F U' D' R2 L' U2 D2 L D' F2 L U R L2 B L' R2 B2 D B2 U' D,x2,D' F2 L D B F' L',U' R2 B' R2 B,B' R' U2 R B,L' B' U2 B U' L,R U' R',L2 D' U B2 D,B' U2 R' U' R U2 B,L2 B2 D2 R' D2 B2 L2,B L2 D F' D' L2 B',F' U2 F R B2 L' B' L U2 B' R',B U' F' U B' U' F,F R' F L2 F' R F L2 F2,B2 U' L' R B2 L R' U' B2,88
D2 L2 B R2 B2 U' B U D2 F' L B U' R D' U2 B' D R2 D2,x2,R' D' L B' D' R,R U R2 U2 R,B' R' U2 R B,L' B' U2 B L,F' U F,B2 U2 B' U2 B2,R2 D U B D' U' R2,L B2 D F2 D' B2 L',R U' R U2 F R2 F' U2 R2,,F U2 F' U' F U' F',U',,60
B' L2 B D' F2 U B2 L' U' B' L2 B2 F U' L D F2 U R2 B2 F2 L D2,x2,U' F2 D B L F',U R' U' R,,R' F R2 U R' F',,R2 D' U F2 D,L' D2 B' R B D2 L,U' B2 D2 F D2 B2,B U B2 D' R2 D B,L U F U' F' L',R U2 R2 U' R2 U' R2 U2 R,R2 F2 R' B' R F2 R' B R',F2 U' L R' F2 L' R U' F2,74
F' R' D B R' D2 F2 B U F L2 U R U' D2 R' F2 L' F' L' D' L2 F R2 F,x2,L' F2 D' R2 B D2,R' U R,B' F U2 F' U B,L' U' L,U F' U2 F,L2 D' U B2 D,B' U2 R' U' R U2 B,U' B2 D2 F D2 B2,B U B2 D' R2 D B,R U B U' B' R',B' U2 B F' D F2 U F2 D' L2 F,U R B' R F2 R' B R F2 R2,B2 U' L' R B2 L R' U' B2,83
D2 L2 F' B' D R2 F2 D U2 L D2 F2 U' D F R F L R2 B2 U D' R2 U,x2,R' F U2 L' B2,B' R' U R2 B R',L U2 L',R' F R2 U R' F',R B' R B R2,U' L2 D2 R' D2 L2,R2 D2 L' D2 R2,U B2 D2 F D2 B2,,R U B U' B' R',R B R' F R B' R' F',L' B L' F2 L B' L' F2 L2,L2 U B F' L2 B' F U L2,74
U' B L U R2 L2 D2 R' L' D2 F' U B' U' D L2 D2 R B L' B',x2,D B2 L2 D2 B,B U' B',B' F U2 F' U B,L' U2 L,R' D2 L D2 R,F2 D2 U2 B2 D2,L2 D U' F2 D',L' U2 B' U2 B U2 L,L' B2 D' R D B2 L,L' U' B' U B L,B' U2 B U B' U B,L' B L' F2 L B' L' F2 L2,L2 U R2 B2 U' F2 L2 B2 D' F2 U' L2,80
U L D2 F L' U L2 R B' D L B' U' L F B' U2 L2 R U2 D R L2,x2,B' U' L' R2 B F,B U' B',U2 B' U B,F2 L F2 L',R2 D B2 D' R2,,U L2 U2 L' U2 L2,L' U2 B' U' B U2 L,R' U2 B' R2 B U2 R,F' U2 F R B2 L' B' L U2 B' R',R' U' R U' R' U2 R,R2 F2 R' B' R F2 R' B R' U,L2 U B F' L2 B' F U L2,79
R2 B' D2 B2 D' F2 U L B F' R' B2 D2 B L B U F' L' U F2,x2,L' F2 D B F2 D,L R' U L' R,L U' L',L' U L,R2 B' R' B U2 R',U' L2 D2 R' D2 L2,R2 D U B D' U' R2,B2 D2 F D2 B2,R' U2 B' R2 B U2 R,R B U B' U' R',R B R' F R B' R' F',R2 F2 R' B' R F2 R' B R' U,R2 U B' F R2 B F' U R2,81
B U' R2 D2 L' D U L' B' R' L2 U2 D' B2 F D L2 B2 U D2 F2 D B L' R,x2,D2 B L' D2,B' R' U R2 B R',B' U2 B,,R U' R',B2 U2 B' U2 B2,R2 D U B D' U' R2,B D F L F2 D' B' U' L',B' R2 U' R U R2 B,R' U' F' U F R,F2 R2 F L2 F' R2 F L2 F,U' R B' R F2 R' B R F2 R2,L2 U B F' L2 B' F U L2,78
D' R2 D' F B2 L D F' B D2 U L R' U2 F2 U' L' R F B,x2,B' D U F2 L R,R' U' R,L U2 L',F U2 F',,U L2 D2 R' D2 L2,L B L B' U' L',B2 D2 F D2 B2,L F2 U F' U' F2 L',R U B U' B' R',B L F L' B' L F' L',L' B L' F2 L B' L' F2 L2 U,,63
B2 F2 R U D' B F D' L B' U2 F' L2 U2 F' R2 D' R' B R2 F' U L,x2,L F D' L F2,R' U B' R2 B R,B' F U2 F' U B,L' U L,F' U F,L2 D2 R' D2 L2,B2 R B2 R2 B' U' R B R,F L F L' U' F',L' B2 D' R D B2 L,R U B U' B' R',F' U B U' F U B',U B L' B R2 B' L B R2 B2,B2 U' L' R B2 L R' U' B2,82
R D2 L F' B' D' F B2 R L U2 L B R' B' U' F U' F R D2,x2,R2 F D' R' B F D2,R U R2 U2 R,U B' U' B,F' U2 F2 U' F',R' D2 L D2 R,U L2 D2 R' D2 L2,R2 D2 L D2 R2,L B2 D F2 D' B2 L',,,B' U2 B F' D F2 U F2 D' L2 F,L' B L' F2 L B' L' F2 L2 U,F2 U L R' F2 L' R U F2,74
U' B2 L F U' B' F L B2 F' D' B' L D2 B2 D2 F2 U2 F B2 D2 L' D2 F R2,x2,F U' R2 B D' B2,B U' B',B' U2 B,L' U L,F' U2 F,B2 U2 B U2 B2,B2 D' R B U' B' D B2,L' U2 B' U' B U2 L,R' U2 B' R B U2 R,R B U B' U' R',R B R' F R B' R' F',U,R2 U B' F R2 B F' U R2,69
U F2 U' D B' U' D L2 U2 F' L R F B2 U2 L' B2 U' L D2 F R L2 D' U2,x2,D2 B' L D' L2 R' F',B L' U2 L B',B' R' U2 R B,U' F U F',R U2 B' R B R2,B2 U2 B U2 B2,L B L B' U' L',B2 D2 F2 D2 B2,B' R2 U' R U R2 B,R B U B' U' R',F2 R2 F L2 F' R2 F L2 F,U B L' B R2 B' L B R2 B2,,75
U2 B2 R L2 D' U' R2 U2 D' F B' D2 B D2 R' B' D' L B2 U' R F2 B2,x2,R2 B F2 L D' F',B' U' B2 U2 B',L U' L',U2 F U' F',R' D2 L D2 R,R2 D' U F2 D,B' U2 R' U2 R U2 B,U B2 D2 F D2 B2,L F2 U F' U' F2 L',R' U' F' U F R,B U B' U B U F' U B' U' F,F R' F L2 F' R F L2 F2,B2 U' L' R B2 L R' U' B2,83
B L' F R2 D L2 D L F' D R L2 U2 R' F2 L' R' U2 F' R D L D' F',x2,B D' R B F',U R' U2 R,L U2 L',,F' U F,B2 U2 B U2 B2,B2 R B2 R2 B' U' R B R,B2 D2 F D2 B2,R U' R U2 F R2 F' U2 R2,R' U' F' U F R,B L F' L' B' L F L',R B' R F2 R' B R F2 R2,L2 F2 D2 R2 B F D2 L2 B F,76
U F' B2 D2 U2 B U2 D2 R F' D2 U2 B' U' B U D' R' F' U' F2 L2 R',x2,B,B F' U' B' F,,L' U' L,F' U2 F,B2 U2 B' U2 B2,R2 D2 L' D2 R2,B D F L F2 D' B' U' L',L F2 U F' U' F2 L',R B U B' U' R',B' U2 B F' D F2 U F2 D' L2 F,U' R B' R F2 R' B R F2 R2,L2 U B F' L2 B' F U L2,74
U L R F2 R' F L F' R2 F L U D B2 U2 L U2 B U F' U' F' L2 D' R',x2,D' F' R2 B D2,R U R2 U2 R,L2 F2 L2 F2,U F2 L F2 L',R U2 B' R B R2,L2 D2 R' D2 L2,B2 R B2 R2 B' U' R B R,U' B2 D2 F D2 B2,B U B2 D' R2 D B,L' U' B' U B L,B U2 B2 U' B2 U' B2 U2 B,B2 R2 B' L' B R2 B' L B',B2 U' L' R B2 L R' U' B2,85
B' U L B' D L U' D2 L R U R L2 D' L2 D' L2 F L2 B',x2,B2 D' L2 D2 F,B' R' U R2 B R',,F U' F',U F' U' F,L2 D' L U L' B' D L2,B2 R B2 R2 B' U' R B R,B2 D2 F D2 B2,R' U2 B' R B U2 R,F' U2 F R B2 L' B' L U2 B' R',B U B' U B U F' U B' U' F,F R' F L2 F' R F L2 F2,L2 U' B F' L2 B' F U' L2,87
U F R' F' B R' F' U' F2 R' U L' D2 B R' L D F' L' F D' F,x2,D' F L D' F,U' R2 B' R2 B,U B' U' B,F U F',R B' R B R2,U F2 D2 B D2 F2,B' U2 R' U2 R U2 B,L2 B2 D2 R' D2 B2 L2,L' B2 D' R D B2 L,,R B R' F R B' R' F',U B L' B R2 B' L B R2 B2,F2 U B2 L2 U' R2 F2 L2 D' R2 U' F2,79
D F' B2 U D L' R' F' U R' U' R' B2 D' B2 L' D2 L R F',x2,L' U L2 R2 B F',U' R2 B' R2 B,B' U2 B,U2 F U' F',U F' U' F,R' B' R' B U R,L' D2 B' R B D2 L,L' U2 B' U2 B U2 L,B L2 D F' D' L2 B',R U B U' B' R',B2 D F' L2 F D' B' U2 B',B2 R2 B' L' B R2 B' L B',F2 U B2 L2 U' R2 F2 L2 D' R2 U' F2,85
B2 U' B' D B2 L F B' L2 R2 B U' B2 F2 U2 B2 L' U R B2 R' U' B2 U2,x2,F' D' R2 D2 B D',R2 B' R2 B,L U2 L',F' U2 F2 U' F',U F' U' F,R2 D' U F2 D,F2 D' U L2 D,B2 D2 F' D2 B2,R' U2 B' R B U2 R,,F2 R2 F L2 F' R2 F L2 F,B2 R2 B' L' B R2 B' L B',R2 U B' F R2 B F' U R2,71
L' U2 D2 F' U R F U' L' F' D2 F B L2 B' D B2 D R L' D F B,x2,F' R' D2 F2 D B,B' U' B2 U2 B',B' U B,,R2 D B2 D' R2,U' L2 D2 R' D2 L2,U' L2 U2 L' U2 L2,L' U2 B' U' B U2 L,L' B2 D' R D B2 L,R U B U' B' R',B' U2 B F' D F2 U F2 D' L2 F,R2 F2 R' B' R F2 R' B R' U,F2 U B2 L2 U' R2 F2 L2 D' R2 U' F2,84
F' U B2 R' F' D' L' D2 L2 D R F D2 R D2 F' U' F U' F' R' D2 B,x2,F2 D' L D2 B,U R' U2 R,B' F U B F',L' U B' U2 B L,R B' R B R2,U F2 D2 B D2 F2,B' U2 R' U2 R U2 B,,R' U2 B' R B U2 R,F' U2 F R B2 L' B' L U2 B' R',F R F' L F R' F' L',R2 U R2 U R2 U2 B L B' R2 B L' B',B2 U' L' R B2 L R' U' B2,86
R' B F2 L' U' D2 L' F2 D2 U2 B2 F L D2 B D' L R' U' F R F2 U' L,x2,R U2 B2 L' D,,U2 B' U B,L' U' L,R2 D B2 D' R2,,R2 D2 L D2 R2,B2 D2 F' D2 B2,R' U2 B' R B U2 R,R U B U' B' R',B' U2 B F' D F2 U F2 D' L2 F,U' L2 F2 L B L' F2 L B' L,L2 F2 D2 R2 B F D2 L2 B F,71
U2 B2 U2 F2 U L D2 F' B' L' R' F D' U L2 U B' R L U' B2,x2,B' R B2 F' L' D,B U2 B',R' B2 R B2 R,,R2 B' R' B U2 R',B2 U2 B U2 B2,U' L2 U2 L' U2 L2,B2 D2 F' D2 B2,R U' R U2 F R2 F' U2 R2,F' U2 F R B2 L' B' L U2 B' R',L2 B2 L' F2 L B2 L' F2 L',L B L' F' D L D' B' L' F L2 U' L2,F2 U L R' F2 L' R U F2,87
F R D' U R' D2 R' F2 B2 R' F2 R2 D' F' U R2 L2 U D' F' L' B,x2,D' R' B' L2 D' L,R' B' R2 B R,,L' U B' U2 B L,U F' U2 F,U' L2 D2 R' D2 L2,B2 R B2 R2 B' U' R B R,B2 D2 F D2 B2,R' U2 B' R B U2 R,,R B L' B' R' B L B',,F2 U B2 L2 U' R2 F2 L2 D' R2 U' F2,68
U' R U2 B D2 L R F D2 F L' U D' F2 D U2 R2 L' F' B' R,x2,B' D L' B D R,R' U' R,B' U' F U2 B F',L' R U L R',R U' R',R2 D' U F2 D,B' U2 R' U' R U2 B,L' U2 B' U' B U2 L,R U' R U2 F R2 F' U2 R2,F' U2 F R B2 L' B' L U2 B' R',B' U2 B U B' U B,L B L' F' D L D' B' L' F L2 U' L2,F2 U L R' F2 L' R U F2,91
D' L F U F' U F L U2 L D2 F2 D' L2 U B L2 F' L2 F2 U' D' F U2 L2,x2,L F' R2 D' B',B L' U2 L B',L U' L',F U' F',R B' R B R2,B2 U2 B U2 B2,R2 D U B D' U' R2,B2 D2 F' D2 B2,B L2 D F' D' L2 B',L' U' B' U B L,R B' R' F R B R' F',R2 B2 R F R' B2 R F' R,B2 U' L' R B2 L R' U' B2,77
U2 B2 F2 U L2 D B D' U2 F' R' L F' L U2 D' R2 F' L' R B',x2,L' F' L B2 D',R' B' R2 B R,B' R U2 R' B,,F' U F,R2 D' U F2 D,B2 D' R B U' B' D B2,F L F L' U' F',B U B2 D' R2 D B,B' R' U' R U B,L U2 L2 U' L2 U' L2 U2 L,U R B' R F2 R' B R F2 R2,L2 U R2 B2 U' F2 L2 B2 D' F2 U' L2,81
U L' B2 U2 D' F2 U' L2 U2 R F' U2 L2 U B' F2 L F' R B' L' U2 R2,x2,F2 U' L D' F' R',B F' U' B' F,U2 B' U B,F2 L F2 L',R U2 B' R B R2,B' U' L' B L B,L' D2 B' R B D2 L,B2 D2 F D2 B2,R U' R U2 F R2 F' U2 R2,,F U2 F' U' F U' F',U',R2 U' B' F R2 B F' U' R2,69
F2 L U R L2 B F' D B' R2 D' L B U B' L2 U2 F D B2,x2,D2 L' U' B F' L' D,R' B' R2 B U' R,B' U' B,,F' U F,L2 D' B L U' L' U B2 D,U' L2 U2 L' U2 L2,L2 B2 D2 R' D2 B2 L2,R' U2 B' R2 B U2 R,L U F U' F' L',R2 D' L F2 L' D R U2 R,U' R B' R F2 R' B R F2 R2,L2 U R2 B2 U' F2 L2 B2 D' F2 U' L2,85
U F' B' U F' B R D' B D2 B' F2 L F' D' L2 B F L' D' U' R2 F2 L' R',x2,U2 R B D F L' R',R2 B' R2 B,L U2 L',F U F',U F' U' F,U F2 D2 B D2 F2,F2 D' U L2 D,B2 D2 F D2 B2,B U B2 D' R2 D B,,R B R' F R B' R' F',F R' F L2 F' R F L2 F2,B2 U L' R B2 L R' U B2,70
D F D L' R' F' R' U' D' R2 U' D F B2 U' L B R2 L2 F R2 D' F',x2,D R' B' F' D B',F R' U2 R F',U2 B' U B,L' B' U2 B L,F' U2 F,L2 D' U B2 D,U' L2 U2 L' U2 L2,F L F L' U' F',,,,R D' F2 R2 U' L F2 L' U R2 F2 D R',R2 U' B' F R2 B F' U' R2,62
L U R F' B2 U2 L' F' B2 U' D' F2 R L2 U2 F2 R2 D R2 F2 R' B' R B U',x2,B L' D L' D L',R' U B' R2 B R,L U' L',F U' F',U F' U' F,,L2 D U' F2 D',U' B2 D2 F D2 B2,B U B2 D' R2 D B,R B U B' U' R',F R F' L F R' F' L',R2 F2 R' B' R F2 R' B R',L2 U R2 B2 U' F2 L2 B2 D' F2 U' L2,75
F R B' U' L2 F' B2 U' R F' L2 F D B2 D' U' L' R F L2 U2 B' U2,x2,L F' D2 L F2 D,B2 R B2 R',B' U2 B,L' B' U2 B U' L,R U' R',U' F2 D2 B D2 F2,L2 D U' F2 D',B2 D2 F2 D2 B2,B L2 D F' D' L2 B',L' U' B' U B L,F' U B U' F U B',U,B2 U L' R B2 L R' U B2,68
D2 U' F2 B' L2 D2 U2 F' B' D F2 L2 R2 B U' F2 B2 L' R D F R' B' R' B',x2,B R B' F2 L' D R',B L' U2 L B',L F' U2 F L',L' U' L,R U2 R',L2 D' B L U' L' U B2 D,R2 D2 L D2 R2,B2 D2 F D2 B2,B U B2 D' R2 D B,R' U' F' U F R,B U' F' U B' U' F,U' L2 F2 L B L' F2 L B' L,L2 U' B F' L2 B' F U' L2,81
B2 D' F D2 B U' F B R L' U' D' R2 D' B2 F L2 B R D' L2 R' B2 R',x2,B' L' B' F D B',U' R2 B' R2 B,B' U' F U2 B F',L' R U L R',R B' R B R2,F2 D2 U2 B2 D2,R2 D U B D' U' R2,L' U2 B' U2 B U2 L,B' R2 U' R U R2 B,R U B U' B' R',B' U2 B U B' U B,B2 R2 B' L' B R2 B' L B',F2 U L R' F2 L' R U F2,84
U L R F' R2 D F2 D R2 D2 F' U' D F R2 F2 D2 F B' U B2 D2 B' R2 F2,x2,D R' B L' D L,L R' U L' R,B' R' U2 R B,L' B' U2 B L,R B' R B R2,L2 D' L U L' B' D L2,L B L B' U' L',L B2 D F2 D' B2 L',B L2 D F' D' L2 B',B' R' U' R U B,L U2 L2 U' L2 U' L2 U2 L,B2 R2 B' L' B R2 B' L B',R2 U B' F R2 B F' U R2,87
B' D' L B R' D' U' R2 L2 F2 U' L' F R L' B2 R' F' R' L2 U F2 B' R2 U,x2,U2 B' F2 R D F L,U R' U2 R,R' B2 R B2 R,,R' D2 L D2 R,U' F2 D2 B D2 F2,F2 D' U L2 D,B2 D2 F' D2 B2,L F2 U F' U' F2 L',R U B U' B' R',F' U B U' F U B',R D' F2 R2 U' L F2 L' U R2 F2 D R',L2 F2 D2 R2 B F D2 L2 B F,80
F2 U' D' B' D' U' F U B' D' F' D' U B2 F2 U' D' B' D' B2 D L B D',x2,F D B' D2 B D',L R' U L' R,L U L',R' F R2 U R' F',F D2 B' D2 F',R' B' R' B U R,B2 R B2 R2 B' U' R B R,U' B2 D2 F D2 B2,R' U2 B' R B U2 R,R B U B' U' R',L2 B2 L' F2 L B2 L' F2 L',R2 B2 R F R' B2 R F' R,L2 U R2 B2 U' F2 L2 B2 D' F2 U' L2,89
L2 B2 R' B' U' L R B D2 R F B' R' B' R2 B' U' F' L' U',x2,D B R2 F' D L',B U B',L2 F2 L2 F2,U2 F2 L F2 L',F D2 B' D2 F',R' B' R' B U R,F2 D' U L2 D,B2 D2 F D2 B2,,B' R' U' R U B,R' U' R U' R' U2 R,L B L' F' D L D' B' L' F L2 U' L2,B2 U' L' R B2 L R' U' B2,74
D' R2 B F' U' D2 F2 B' R2 D' U F2 D' R' U D2 L B F2 U2 L2 B,x2,F R' B F2 L' D' R,R2 B' R2 B,B' R' U2 R B,U2 F U' F',R U2 R',R2 D' U F2 D,U' L2 U2 L' U2 L2,U B2 D2 F D2 B2,B L2 D F' D' L2 B',F' U2 F R B2 L' B' L U2 B' R',F R F' L F R' F' L',B' R B' L2 B R' B' L2 B2,L2 U' B F' L2 B' F U' L2,84
F' L2 B2 U2 B U' B2 R B2 F D F U' D2 B' L F' D2 F' B' D,x2,R2 D F' L R' F2,R' B' R2 B R,B' F U B F',F2 L F2 L',U F' U' F,B2 U2 B U2 B2,B' U2 R' U' R U2 B,L' U2 B' U2 B U2 L,L' B2 D' R D B2 L,B' R' U' R U B,B' U' B U' B' U2 B,B' R B' L2 B R' B' L2 B2,B2 U' L' R B2 L R' U' B2,81
R F2 L' D2 L2 R' D' F' D' B' L2 R D' R L' D2 F U' L R' F2 B' U L2,x2,R F' D F2 L' D L2,B' U' B2 U2 B',L U2 L',U2 F U' F',U F' U' F,R2 D' U F2 D,,U B2 D2 F D2 B2,,R' U' F' U F R,B L F L' B' L F' L',R2 F2 R' B' R F2 R' B R' U,L2 U B F' L2 B' F U L2,67
U2 R U R2 F' B2 L B L' B' D' U2 L' U' B F' L B D' B' U D F L2,x2,D B2 R F R,B U2 B',L U2 L',F U F',R2 B' R' B U2 R',U F2 D2 B D2 F2,U' L2 U2 L' U2 L2,B2 D2 F D2 B2,L' B2 D' R D B2 L,R U B U' B' R',B U B' U B U F' U B' U' F,U',L2 F2 D2 R2 B F D2 L2 B F,72
R2 B2 D B D F L2 D' U2 L' R2 D U B L U' D2 F' R D B,x2,D' L F' L,B2 R B2 R',L2 B L2 B',R' F R2 U R' F',R B' R B R2,R' B' R' B U R,R2 D2 L D2 R2,,R' U2 B' R B U2 R,,,R2 B2 R F R' B2 R F' R,B2 U' L' R B2 L R' U' B2,59
R' L' U' F2 B2 L2 B D' F2 R F B' U2 F U' D2 F2 L2 R2 F' R L U,x2,L' F' U2 L' B D' F2,U R' U' R,L U L',F U' F',F' U2 F,L2 D' U B2 D,U L2 U2 L' U2 L2,L2 B2 D2 R' D2 B2 L2,B' R2 U' R U R2 B,R B U B' U' R',B U' F' U B' U' F,L B L' F' D L D' B' L' F L2 U' L2,,71
L F' B D' B' L' F' U' R' D2 L' R B L2 R2 D2 F' R' D' B',x2,U' L2 F2 R' D,R' U R,L2 B L2 B',L' B' U2 B U' L,F D2 B' D2 F',B' U' L' B L B,U L2 U2 L' U2 L2,B D F L F2 D' B' U' L',L' B2 D' R D B2 L,L U F U' F' L',B U B' U B U F' U B' U' F,L' B L' F2 L B' L' F2 L2,L2 U B F' L2 B' F U L2,86
D2 B L2 R2 F2 D B2 R U' R2 D' L' R2 F2 U' L R2 F' D2 B' U',x2,D' F' L U' B2,L R' U L' R,B' R U2 R' B,F' U2 F2 U' F',F' U2 F,L2 D' B L U' L' U B2 D,L B L B' U' L',L' U2 B' U' B U2 L,B' R2 U' R U R2 B,R B U B' U' R',B L F L' B' L F' L',L F' L B2 L' F L B2 L2,L2 U' B F' L2 B' F U' L2,84
U2 R' F D' R' D' U L B2 D' F2 R2 U L2 F' L2 B2 F2 L D2,x2,F2 L2 B D' F L,B L' U2 L B',L' U2 L2 U' L',R' F R2 U R' F',F D2 B' D2 F',L2 D2 R D2 L2,F2 D' U L2 D,L' U2 B' U' B U2 L,R' U2 B' R2 B U2 R,R B U B' U' R',F U2 F' U' F U' F',L B L' F' D L D' B' L' F L2 U' L2,L2 U' B F' L2 B' F U' L2,86
B' R2 F2 R L F' R L D U2 R2 L' U' R D' L' R2 F' B2 R2 B,x2,B' F' D' L' B F' L,R' U' R,B' R U' R' B,U2 F2 L F2 L',R U2 R',,,L' U2 B' U2 B U2 L,B L2 D F' D' L2 B',L U F U' F' L',F' U2 F2 U F2 U F2 U2 F',R2 B2 R F R' B2 R F' R,B2 U' L' R B2 L R' U' B2,70
L' U2 L U2 F2 U R U' F' U2 F' U' R2 F R2 F' B2 R' F2 R L2 D2 L F,x2,D2 L' B F' L' D,R2 F2 R2 F2,B' F U B F',F' U2 F2 U' F',R U' R',B' U' L' B L B,U' L2 U2 L' U2 L2,F L F L' U' F',L F2 U F' U' F2 L',R B U B' U' R',B L F' L' B' L F L',L B L' F' D L D' B' L' F L2 U' L2,F2 U B2 L2 U' R2 F2 L2 D' R2 U' F2,87
L U D2 B' D' F' L U' L B2 L2 B2 L2 F' L' B' L2 R' D R,x2,L F2 D' R F',R' U' R,U2 B' U B,U' F U F',R U2 B' R B R2,L2 D2 R' D2 L2,B' U2 R' U' R U2 B,L2 B2 D2 R' D2 B2 L2,R' U2 B' R2 B U2 R,L' U' B' U B L,B2 D F' L2 F D' B' U2 B',U B2 L2 B R B' L2 B R' B,B2 U L' R B2 L R' U B2,82
B F R2 D' U2 L B2 D2 L' D' B2 U' R2 U2 B' U2 F2 B2 R L2 U L,x2,U L2 U2 R' B F,F R' F2 U' F R,,L' U L,U F' U2 F,U F2 D2 B D2 F2,B2 R B2 R2 B' U' R B R,L B2 D F2 D' B2 L',B' R2 U' R U R2 B,F' U2 F R B2 L' B' L U2 B' R',B' U2 B F' D F2 U F2 D' L2 F,L' B L' F2 L B' L' F2 L2,L2 U' B F' L2 B' F U' L2,88
B F' D' U' F U L' F2 L2 R' B D' R B' R F' R D2 U2 B,x2,L2 D R' B' L' D,B F' U' B' F,U B' U' B,U' F U F',R B' R B R2,R2 D' U F2 D,R2 D U B D' U' R2,,L' B2 D' R D B2 L,B' R' U' R U B,B U' F' U B' U' F,R D' F2 R2 U' L F2 L' U R2 F2 D R',,69
R2 U B2 U2 L2 B L D2 R' L' B' F L2 B' L F2 L B2 U D' R2 D2 L',x2,L2 R' D2 F D B L,R' U2 R,L U L',L' R U L R',F' U F,L2 D2 R D2 L2,,U' B2 D2 F D2 B2,L F2 U F' U' F2 L',R B U B' U' R',B' U' B U' B' U2 B,L B L' F' D L D' B' L' F L2 U' L2,R2 U B' F R2 B F' U R2,74
D2 L' F' U2 L F R2 F2 R2 B' U F L2 B2 U L2 R' B2 R' L U F' L F',x2,U L' D2 B,R2 B' R2 B,L U' L',R' F R2 U R' F',,U' L2 D2 R' D2 L2,B' U2 R' U' R U2 B,F L F L' U' F',L' B2 D' R D B2 L,,B' U2 B U B' U B,B' R B' L2 B R' B' L2 B2,F2 U L R' F2 L' R U F2,68
F' U' R2 D2 R' U' B2 U' L2 R' U F D' B' F D B2 F' U' F2 L' R B2,x2,D2 B2 F2 D' B2,B' U' B2 U2 B',F U B' U' B F',F U2 F',F D2 B' D2 F',R' B' R' B U R,F2 D' U L2 D,B2 D2 F D2 B2,R' U2 B' R' B U2 R,L U F U' F' L',B' U2 B F' D F2 U F2 D' L2 F,U',R2 U B' F R2 B F' U R2,74
D' U' L' F2 D F2 B2 U B2 R2 L2 B2 F D R' L2 B' F' D' R B U' R' F2,x2,B2 D2 L' B' R D,R' B' R2 B R,L2 B L2 B',F U' F',U F' U2 F,U' F2 D2 B D2 F2,R2 D2 L D2 R2,B2 D2 F2 D2 B2,R U' R U2 F R2 F' U2 R2,B' R' U' R U B,B2 D F' L2 F D' B' U2 B',U R B' R F2 R' B R F2 R2,,72
D L2 D' U B' D U2 R U' B F' R F2 L2 U R2 B R2 F2 D',x2,R' B' U' L2 R2,R U R2 U2 R,L U' L',L' U L,R U' R',B2 U2 B' U2 B2,B' U2 R' U' R U2 B,F L F L' U' F',R' U2 B' R B U2 R,R B U B' U' R',B2 D F' L2 F D' B' U2 B',L B L' F' D L D' B' L' F L2 U' L2,B2 U L' R B2 L R' U B2,81
F2 B' D R2 U2 L' U F U D' B' R' D' U2 R' B U2 R' L2 B,x2,R' B' R D' L D',B' U' B2 U2 B',B' U2 B,F' U2 F2 U' F',R U R',R2 D' U F2 D,L2 D U' F2 D',B2 D2 F2 D2 B2,R' U2 B' R2 B U2 R,L' U' B' U B L,L2 B2 L' F2 L B2 L' F2 L',R2 F2 R' B' R F2 R' B R' U,F2 U L R' F2 L' R U F2,78
B' D' U2 F' B' D' L F2 R2 B F2 L U' D F' R U' B2 L' B D2 R F2 U2 D2,x2,F' R' D L F' D2,,L2 B L2 B',L' U L,F' U' F,R2 D' U F2 D,R2 D2 L' D2 R2,,R' U2 B' R B U2 R,B' R' U' R U B,F' U2 F2 U F2 U F2 U2 F',R D' F2 R2 U' L F2 L' U R2 F2 D R',L2 U B F' L2 B' F U L2,70
R2 L F L U2 F L R D F2 R D F2 D F2 L U D2 B2 U2,x2,U R F2 D F L,B U2 B',B' U' B,F U2 F',R U R',,B2 R B2 R2 B' U' R B R,F L F L' U' F',B' R2 U' R U R2 B,R' U' F' U F R,B' U2 B F' D F2 U F2 D' L2 F,U R B' R F2 R' B R F2 R2,B2 U' L' R B2 L R' U' B2,76
U' L D2 R L' U' D' F L2 D U2 B' F2 U' R2 D F' L2 B2 F' D2 B2 F',x2,L' U L2 D2 B L',R' U R,B' U B,L' R U L R',U F' U' F,U F2 D2 B D2 F2,B' U2 R' U' R U2 B,F L F L' U' F',L' B2 D' R D B2 L,R B U B' U' R',R' U' R U' R' U2 R,U R B' R F2 R' B R F2 R2,R2 U B' F R2 B F' U R2,79
D' U L' D' L' D R D R2 L' F2 R' L2 B D' U2 R' D2 U2 B' U',x2,R2 F2 U B2,B U' B',L U L',F' U2 F2 U' F',R U R',B2 U2 B U2 B2,B' U2 R' U' R U2 B,L2 B2 D2 R' D2 B2 L2,R' U2 B' R' B U2 R,R U B U' B' R',B' U2 B U B' U B,B2 R2 B' L' B R2 B' L B',F2 U B2 L2 U' R2 F2 L2 D' R2 U' F2,78
L2 R' U R2 F D2 L2 B L U' L' R2 U' F2 B' R U D F' U R' L B2,x2,F' D R' B' F D2,B L' U2 L B',B' U B,L' R U L R',R U2 B' R B R2,U L2 D2 R' D2 L2,,B2 D2 F D2 B2,,F' U2 F R B2 L' B' L U2 B' R',L2 B2 L' F2 L B2 L' F2 L',R B' R F2 R' B R F2 R2,B2 U' L' R B2 L R' U' B2,74
U' D' R F2 L2 F' R2 B2 U2 L D' B D' L' B2 F R2 D2 U' F2 D R' F2 R2 L,x2,F U L2 D2 L' F' D,U R' U2 R,L2 F2 L2 F2,L' B' U2 B U' L,R U' R',R' B' R' B U R,R2 D2 L D2 R2,,R U' R U2 F R2 F' U2 R2,L U F U' F' L',B L F' L' B' L F L',R2 F2 R' B' R F2 R' B R',F2 U B2 L2 U' R2 F2 L2 D' R2 U' F2,79
D2 U2 F2 U' D' R' B' F' R' L' D2 B2 D' R L' F U' L R' D2 F,x2,R' B' D F' R' F,R' U' R,,L' U L,R U R',B' U' L' B L B,F2 D' U L2 D,U' B2 D2 F D2 B2,B L2 D F' D' L2 B',L' U' B' U B L,R B L' B' R' B L B',R2 F2 R' B' R F2 R' B R',R2 U B' F R2 B F' U R2,71
D B F2 R B' L2 B2 D' L2 U2 B D B U' F2 R2 D' L2 U' F B2 U R B2 D',x2,F2 D' U' B2 F2 R,R U R2 U2 R,B' U' B,L' B' U2 B L,R2 B' R' B U2 R',U F2 D2 B D2 F2,U' L2 U2 L' U2 L2,L B2 D F2 D' B2 L',B' R2 U' R U R2 B,B' R' U' R U B,F U2 F' U' F U' F',U B L' B R2 B' L B R2 B2,L2 U R2 B2 U' F2 L2 B2 D' F2 U' L2,86
R2 B F U2 B2 U B' R B' U' F' L' F R2 L B' L2 U L F B2 U2 L',x2,R2 D' L2 D2 L' F' D,B' U' B2 U2 B',B' U' B,U' F U F',R U R',L2 D2 R' D2 L2,F2 D' U L2 D,L B2 D F2 D' B2 L',R U' R U2 F R2 F' U2 R2,L' U' B' U B L,R' U' R U' R' U2 R,B' R B' L2 B R' B' L2 B2,L2 F2 D2 R2 B F D2 L2 B F,80
F2 B2 D' U2 F2 R' U' L D' F2 D2 R U' F2 U' F R L' U D' F B' U R' U,x2,L' B L' D R' B,R2 F2 R2 F2,L2 B L2 B',U2 F2 L F2 L',R' D2 L D2 R,L2 D2 R D2 L2,L' D2 B' R B D2 L,L' U2 B' U2 B U2 L,R U' R U2 F R2 F' U2 R2,L' U' B' U B L,R U R' U R U2 R',F R' F L2 F' R F L2 F2,B2 U' L' R B2 L R' U' B2,83
B R L2 F2 L B' D2 B L' R' F2 L B' U2 L R B L2 D2 F' D' R2 D B2 L,x2,R2 B' L2 R F',R' U B' R2 B R,F U B' U' B F',L' B' U2 B L,R U2 R',L2 D' L U L' B' D L2,U L2 U2 L' U2 L2,,B' R2 U' R U R2 B,R U B U' B' R',,U L2 F2 L B L' F2 L B' L,F2 U' L R' F2 L' R U' F2,71
D F' D' F' U2 L' B2 D2 B L D2 L2 D' R L U' F2 B L2 F R U2 D',x2,U2 B' R U F2 L',B F' U' B' F,,U2 F U' F',R U2 R',L2 D' B L U' L' U B2 D,B' U2 R' U' R U2 B,L' U2 B' U2 B U2 L,L' B2 D' R D B2 L,R U B U' B' R',,U2,B2 U' L' R B2 L R' U' B2,64
F R' D2 F U' F2 R2 U' R' U R2 L B' L R2 B2 L2 U2 D2 F L2 U' D' L2 F2,x2,U2 B' L2 U R2,B U' B',B' R U' R' B,F U' F',U F' U' F,U L2 D2 R' D2 L2,R2 D2 L' D2 R2,L2 B2 D2 R' D2 B2 L2,L' B2 D' R D B2 L,B' R' U' R U B,L F' L' B L F L' B',U' R B' R F2 R' B R F2 R2,L2 F2 D2 R2 B F D2 L2 B F,79
F L' D' R D2 B U R2 D L2 U2 F' B L2 U' F2 R U' L' R' B F',x2,F2 D F' L B F2 D2,,L U' L',U2 F2 L F2 L',F' U2 F,R2 D' U F2 D,B2 R B2 R2 B' U' R B R,L B2 D F2 D' B2 L',B U B2 D' R2 D B,R B U B' U' R',F R B R' F' R B' R',U B L' B R2 B' L B R2 B2,F2 U B2 L2 U' R2 F2 L2 D' R2 U' F2,82
D2 U F R2 F2 B' R' L U2 B D U' R2 D2 R' F L' U' R2 L B2 F U' D,x2,B2 U' L R B' F' R',R' U R,L U L',R' F R2 U R' F',,L2 D' L U L' B' D L2,B2 R B2 R2 B' U' R B R,F L F L' U' F',R U' R U2 F R2 F' U2 R2,F' U2 F R B2 L' B' L U2 B' R',B' U2 B F' D F2 U F2 D' L2 F,U B2 L2 B R B' L2 B R' B,L2 U' B F' L2 B' F U' L2,92
R B' D' L B2 L2 B2 D F2 D R2 D U' B2 F2 R' B D F R2 B2 U',x2,L2 D B2 R B L',B L' U2 L B',B' U' B,F' U2 F2 U' F',F' U2 F,L2 D2 R' D2 L2,B2 D' R B U' B' D B2,L' U2 B' U' B U2 L,B U B2 D' R2 D B,,F2 R2 F L2 F' R2 F L2 F,L F' L B2 L' F L B2 L2,F2 U L R' F2 L' R U F2,76
D F' B' L2 B F2 L D R' B' L' B' R' D F B U B2 R' U2 D' R' U D2 L',x2,L B2 D F' D B,R' B' R2 B U' R,B' F U2 F' U B,F2 L F2 L',F D2 B' D2 F',,R2 D2 L D2 R2,U' B2 D2 F D2 B2,R' U2 B' R' B U2 R,,F U' B' U F' U' B,U',B2 U L' R B2 L R' U B2,62
U' B2 U R U2 L' F' R2 L D' R' F2 R2 F R2 U L2 R2 U2 L' U',x2,F' L B' R2 D R',F R' U2 R F',L2 B L2 B',U2 F U' F',F' U2 F,B2 U2 B' U2 B2,B' U2 R' U' R U2 B,L' U2 B' U2 B U2 L,R' U2 B' R2 B U2 R,,F U' B' U F' U' B,U,L2 U R2 B2 U' F2 L2 B2 D' F2 U' L2,68
F' L D' R L' U2 L2 F2 R U R' F2 D' U F2 R F' L' D' R' B D2 R' F' U2,x2,B2 F2 L' B D B2,F R' F2 U' F R,B' F U B F',U2 F U' F',R2 D B2 D' R2,L2 D2 R' D2 L2,B2 D' R B U' B' D B2,,B' R2 U' R U R2 B,L U F U' F' L',B' U' B U' B' U2 B,R B' R F2 R' B R F2 R2,R2 U' B' F R2 B F' U' R2,77
F' U' F' L' B L' B2 D' F U' R2 B' U' L2 F L2 D2 F' D2 F2 R2 F' R F,x2,B' L2 F' D' R2,B' R' U R2 B R',B' F U2 F' U B,R' F R2 U R' F',R U2 B' R B R2,L2 D2 R D2 L2,R2 D U B D' U' R2,B2 D2 F2 D2 B2,R' U2 B' R' B U2 R,R U B U' B' R',B2 D F' L2 F D' B' U2 B',B2 U B2 L' B R D B' D' L B R' B',B2 U L' R B2 L R' U B2,90
U2 L' R U D R' F B' U' F2 L2 F2 R' F L2 U' D B2 D L R F D,x2,B' F2 D2 L' F' R',F R' U2 R F',B' R U' R' B,U2 F2 L F2 L',R B' R B R2,B2 U2 B' U2 B2,L2 D U' F2 D',U' B2 D2 F D2 B2,B U B2 D' R2 D B,R U B U' B' R',B U2 B2 U' B2 U' B2 U2 B,U B2 L2 B R B' L2 B R' B,L2 F2 D2 R2 B F D2 L2 B F,84
B L2 U' D2 L' U D' B2 D2 R2 B R' F R2 U' D2 L2 U2 D' B,x2,D' F R' D' L R2,R' U' R,B' U' B,F2 L F2 L',,R2 D' U F2 D,B' U2 R' U2 R U2 B,B2 D2 F D2 B2,L' B2 D' R D B2 L,L U F U' F' L',R B L' B' R' B L B',U L2 F2 L B L' F2 L B' L,B2 U' L' R B2 L R' U' B2,73
D R U2 R2 B L2 F' B2 L2 U' R2 L2 B' U' F' B' L' D' B L U2,x2,L D B' R,B U' B',F U B' U' B F',U' F U F',F' U F,F2 D2 U2 B2 D2,R2 D2 L D2 R2,L B2 D F2 D' B2 L',R' U2 B' R B U2 R,R' U' F' U F R,B' U' B U' B' U2 B,U R B' R F2 R' B R F2 R2,L2 U' B F' L2 B' F U' L2,76
R2 U' B2 D2 U B' D' F' R' F' L R2 F U' D L D U2 R D' L R,x2,F' D B L D,B F' U' B' F,,,R B' R B R2,L2 D' L U L' B' D L2,B' U2 R' U' R U2 B,L' U2 B' U2 B U2 L,L F2 U F' U' F2 L',R U B U' B' R',B L F L' B' L F' L',U R B' R F2 R' B R F2 R2,F2 U B2 L2 U' R2 F2 L2 D' R2 U' F2,80
D2 R F' D2 B D' R2 L D2 U B' L U' D B' D2 L2 B2 U' D F2 L2 D2,x2,R D' L' R B D2,U' R2 B' R2 B,L2 B L2 B',,F' U F,L2 D' U B2 D,R2 D2 L' D2 R2,U B2 D2 F D2 B2,L' B2 D' R D B2 L,L U F U' F' L',L U2 L2 U' L2 U' L2 U2 L,U',F2 U L R' F2 L' R U F2,66
L R' F2 L2 U L2 U2 D2 R U2 F B D B' F' U2 L D2 B R' U D' B R' F2,x2,F' R' U F2 L B2,R2 F2 R2 F2,B' U2 B,R' F R2 U R' F',R' D2 L D2 R,U L2 D2 R' D2 L2,R2 D U B D' U' R2,L' U2 B' U2 B U2 L,R' U2 B' R' B U2 R,F' U2 F R B2 L' B' L U2 B' R',F U' B' U F' U' B,U R B' R F2 R' B R F2 R2,F2 U' L R' F2 L' R U' F2,88
B2 F2 D' U' R2 F L F B2 L' R2 F' B2 U2 F' B R' B2 F' D U2 F L2 F2 U',x2,B2 L' R' D R',,L2 B L2 B',U' F U F',F' U' F,U F2 D2 B D2 F2,R2 D U B D' U' R2,L B2 D F2 D' B2 L',R U' R U2 F R2 F' U2 R2,R U B U' B' R',L2 B2 L' F2 L B2 L' F2 L',U L2 F2 L B L' F2 L B' L,F2 U' L R' F2 L' R U' F2,79
U L' F R' U' B U2 B U' D2 F2 L D2 R' F2 R2 L' F' D2 B' L2,x2,B F R B' D',U R' U' R,L U' L',L' B' U2 B U' L,R2 B' R' B U2 R',B2 U2 B' U2 B2,R2 D2 L' D2 R2,F L F L' U' F',R' U2 B' R2 B U2 R,R' U' F' U F R,B U B' U B U F' U B' U' F,U B2 L2 B R B' L2 B R' B,L2 F2 D2 R2 B F D2 L2 B F,84
F2 L U F2 U2 D2 B R F2 D2 F' D F D R2 D2 B D' B U2 F R B R B2,x2,F' L B' D' L' D2,F R' F2 U' F R,B' R' U2 R B,L' U' L,R' D2 L D2 R,U' L2 D2 R' D2 L2,B' U2 R' U' R U2 B,B2 D2 F2 D2 B2,R' U2 B' R' B U2 R,R U B U' B' R',F U2 F' U' F U' F',U B2 L2 B R B' L2 B R' B,B2 U' L' R B2 L R' U' B2,82
R2 F' D2 B' L D' U R' B2 D2 U2 L R U D' F' U' R2 F2 D2 F' U D F2 B,x2,B L' D' B2 D2 B',F R' U2 R F',L F' U2 F L',F U F',R2 D B2 D' R2,,U' L2 U2 L' U2 L2,U' B2 D2 F D2 B2,B U B2 D' R2 D B,L U F U' F' L',L2 B2 L' F2 L B2 L' F2 L',L' B L' F2 L B' L' F2 L2,L2 U R2 B2 U' F2 L2 B2 D' F2 U' L2,79
B R U B F2 L D R2 L2 B D L U' L' D2 R D R' L' F2 R2 U L2,x2,B' L' B' F R D',,U B' U' B,F U F',R U' R',U' L2 D2 R' D2 L2,R2 D2 L' D2 R2,L' U2 B' U' B U2 L,B' R2 U' R U R2 B,L U F U' F' L',F2 R2 F L2 F' R2 F L2 F,U' L2 F2 L B L' F2 L B' L,F2 U' L R' F2 L' R U' F2,75
U L' R F D' B' L' U2 F B2 L2 D F' B2 L D2 U' R2 D2 F2 D F,x2,L2 D' B' F2 L' R' D,R2 F2 R2 F2,B' R' U2 R B,F U2 F',R' D2 L D2 R,R' B' R' B U R,U L2 U2 L' U2 L2,U B2 D2 F D2 B2,R U' R U2 F R2 F' U2 R2,L U F U' F' L',F2 R2 F L2 F' R2 F L2 F,U B2 L2 B R B' L2 B R' B,,76
F L2 D' B' L2 F B2 D F2 U' B F' L' R D R' D B' L' F D' L D2 U F,x2,L F R' F U B2,B U2 B',U2 B' U B,,R U R',B' U' L' B L B,R2 D2 L D2 R2,L' U2 B' U2 B U2 L,R' U2 B' R' B U2 R,L' U' B' U B L,F2 R2 F L2 F' R2 F L2 F,L' B L' F2 L B' L' F2 L2 U,F2 U' L R' F2 L' R U' F2,75
F' R' L D2 F' B' D2 U L D2 R2 D' L' B' L' B F2 L2 F L,x2,B2 L' U' R2 F' L,B F' U' B' F,B' U B,U' F U F',R U2 R',L2 D' B L U' L' U B2 D,F2 D' U L2 D,L' U2 B' U2 B U2 L,L F2 U F' U' F2 L',,B' U2 B F' D F2 U F2 D' L2 F,R2 U R2 U R2 U2 B L B' R2 B L' B',B2 U L' R B2 L R' U B2,82
D' B' D L F' U2 B2 D2 B2 U' F' L2 U2 B2 F U2 L' B2 U2 F,x2,D2 L D' B R F',B2 R B2 R',,F2 L F2 L',F D2 B' D2 F',F2 D2 U2 B2 D2,R2 D2 L' D2 R2,B2 D2 F2 D2 B2,R U' R U2 F R2 F' U2 R2,R B U B' U' R',B L F L' B' L F' L',R D' F2 R2 U' L F2 L' U R2 F2 D R',,70
B2 F' U F R' B R B2 U F2 D' F' R' B L2 F B2 R2 U' D R2 B' U,x2,L B2 U' F R',B2 R B2 R',B' F U B F',F U' F',F' U F,B2 U2 B' U2 B2,B' U2 R' U2 R U2 B,,L F2 U F' U' F2 L',,F' U2 F2 U F2 U F2 U2 F',U,,49
B' R' B2 R' U D' R2 U2 R B' L2 U' R' F B U' F' R2 U2 R2 U F2 L2 R U,x2,D2 U' B2 L U' F2,R U R2 U2 R,B' F U2 F' U B,L' U' L,F D2 B' D2 F',U F2 D2 B D2 F2,U L2 U2 L' U2 L2,L' U2 B' U2 B U2 L,R' U2 B' R2 B U2 R,R U B U' B' R',R' U' R U' R' U2 R,U,,65
R' L' D L2 D2 B2 L2 R' U' R' D2 R U' R2 U2 R' U' F' L D U2 L2 U' R,x2,L2 B' R' D' R2 F,R' U B' R2 B R,L F' U2 F L',U2 F U' F',R' D2 L D2 R,R2 D' U F2 D,L B L B' U' L',,B U B2 D' R2 D B,L' U' B' U B L,B L F' L' B' L F L',U2,R2 U' B' F R2 B F' U' R2,68
R2 F2 U2 B R2 D U B' D R2 D2 L2 R2 B' D L U F' U B2 U R',x2,R' F2 D U' F' L,B' U' B2 U2 B',B' F U2 F' U B,L' B' U2 B L,R U2 B' R B R2,L2 D' L U L' B' D L2,R2 D2 L' D2 R2,L' U2 B' U2 B U2 L,L' B2 D' R D B2 L,R' U' F' U F R,R U2 R2 U' R2 U' R2 U2 R,U2,L2 F2 D2 R2 B F D2 L2 B F,81
F2 L R2 F R' L2 U2 R L2 D2 R2 U' B2 D L B' R2 F2 D' U R,x2,F R' B2 D B D B',B' U' B2 U2 B',F U B' U' B F',L' B' U2 B U' L,R' D2 L D2 R,F2 D2 U2 B2 D2,U' L2 U2 L' U2 L2,U' B2 D2 F D2 B2,B U B2 D' R2 D B,R B U B' U' R',B U' F' U B' U' F,R2 U R2 U R2 U2 B L B' R2 B L' B',F2 U B2 L2 U' R2 F2 L2 D' R2 U' F2,91
B R' B2 L2 B2 U2 L2 F2 D R L2 F2 B D' B2 R B L R2 U,x2,F2 D2 F' R' D L,R' U' R,L F' U2 F L',U2 F U' F',F D2 B' D2 F',L2 D' L U L' B' D L2,R2 D2 L' D2 R2,L2 B2 D2 R' D2 B2 L2,B' R2 U' R U R2 B,L U F U' F' L',R B R' F R B' R' F',B2 R2 B' L' B R2 B' L B',B2 U' L' R B2 L R' U' B2,82
U R B' L B' L' D' L U D B' U B' R2 B F U' B2 D2 F2 L' U' B2 R2,x2,F' L D2 F D,,B' U B,F2 L F2 L',F' U F,L2 D2 R D2 L2,L B L B' U' L',B2 D2 F D2 B2,R' U2 B' R' B U2 R,L' U' B' U B L,B' U2 B F' D F2 U F2 D' L2 F,R2 U R2 U R2 U2 B L B' R2 B L' B',F2 U L R' F2 L' R U F2,77
R2 F B L B F' L D R' F2 L' B U R2 U' D2 F' R' L' U',x2,U2 F L' B2 U' F2,L R' U L' R,B' F U2 F' U B,L' U L,R2 D B2 D' R2,L2 D2 R' D2 L2,L B L B' U' L',B2 D2 F' D2 B2,R' U2 B' R2 B U2 R,B' R' U' R U B,B U' F' U B' U' F,L' B L' F2 L B' L' F2 L2 U,L2 U' B F' L2 B' F U' L2,80
L2 B L2 B L2 B' U' R' B' R F' U B D' U L2 U' B D' U' B,x2,D F U B L' D2,U R' U2 R,B' U' F U2 B F',F U F',F' U' F,B' U' L' B L B,,B D F L F2 D' B' U' L',L' B2 D' R D B2 L,R U B U' B' R',B U B' U B U F' U B' U' F,L' B L' F2 L B' L' F2 L2,R2 U B' F R2 B F' U R2,79
L D' L2 R D R L2 B' L2 B' F R2 L D2 U R2 L2 F2 R F' U' D',x2,B U' L2 F2 D2,B L' U2 L B',B' U' F U2 B F',L' U2 L,F' U' F,L2 D2 R' D2 L2,B' U2 R' U' R U2 B,B2 D2 F' D2 B2,R U' R U2 F R2 F' U2 R2,L U F U' F' L',F U' B' U F' U' B,U B L' B R2 B' L B R2 B2,L2 U' B F' L2 B' F U' L2,80
D' U2 F B2 U R' B2 U' R F' D L2 D U' R2 F2 B U D2 L',x2,F2 L' R' D L,L R' U L' R,B' U B,L' B' U2 B U' L,R U R',L2 D2 R D2 L2,R2 D U B D' U' R2,L2 B2 D2 R' D2 B2 L2,B' R2 U' R U R2 B,R U B U' B' R',R B R' F R B' R' F',B2 U B2 L' B R D B' D' L B R' B',R2 U B' F R2 B F' U R2,84
R' D B F' L' U2 B2 L B D R' D U2 R' F' D F' B' R2 F D L F,x2,B D' L2 R F',B2 R B2 R',U2 B' U B,F U F',R U R',R2 D' U F2 D,B' U2 R' U' R U2 B,L B2 D F2 D' B2 L',,L U F U' F' L',F R B R' F' R B' R',,L2 U R2 B2 U' F2 L2 B2 D' F2 U' L2,64
B L B' U R2 F D' L F U R U B L2 D' U2 L U R' D L' R' U2 R F,x2,B U2 L' R2 U' F2,R2 F2 R2 F2,B' U2 B,L' B' U2 B L,R U R',U' L2 D2 R' D2 L2,R2 D U B D' U' R2,U B2 D2 F D2 B2,R' U2 B' R' B U2 R,R' U' F' U F R,B2 D F' L2 F D' B' U2 B',U B2 L2 B R B' L2 B R' B,F2 U' L R' F2 L' R U' F2,81
D B F' R' U' B2 F L' D' R2 F B U' R2 F' L R2 F B' U L B R' L2 U,x2,F' D' R B2 F,U R' U2 R,L U L',,F D2 B' D2 F',B' U' L' B L B,F2 D' U L2 D,U B2 D2 F D2 B2,B' R2 U' R U R2 B,L' U' B' U B L,R2 D' L F2 L' D R U2 R,U,F2 U B2 L2 U' R2 F2 L2 D' R2 U' F2,69
U' R D' R' D' U F' L R F2 U F L2 R2 B' F2 U D' R2 L D' B2 F2 L,x2,L U2 B' R D,R' U R,L2 B L2 B',,R B' R B R2,L2 D2 R D2 L2,L2 D U' F2 D',F L F L' U' F',,F' U2 F R B2 L' B' L U2 B' R',B U' F' U B' U' F,U R B' R F2 R' B R F2 R2,F2 U B2 L2 U' R2 F2 L2 D' R2 U' F2,73
F' L2 B F D U F2 U D2 F L2 D' U' F2 R B U' D' L2 B',x2,D2 R' F2 D' R2,B U2 B',B' U' B,,R U2 B' R B R2,B' U' L' B L B,B2 D' R B U' B' D B2,F L F L' U' F',,R' U' F' U F R,F' U B U' F U B',L F' L B2 L' F L B2 L2,R2 U' B' F R2 B F' U' R2,68
F2 R2 B2 F' R D2 L B2 R2 U D2 B' R2 U2 L2 R B2 R2 D2 R U' B L2 F',x2,L' U' F R' B D' L2,B F' U' B' F,L2 B L2 B',F U2 F',,F2 D2 U2 B2 D2,U' L2 U2 L' U2 L2,B2 D2 F2 D2 B2,R' U2 B' R B U2 R,,B U2 B2 U' B2 U' B2 U2 B,U2,L2 U' B F' L2 B' F U' L2,61
R' D' R2 B2 F2 D' L2 R' B2 F2 L D L2 R' B' U2 D R D' B F2,x2,R2 U' L' B F2 L,R' U' R,B' U2 B,F' U2 F2 U' F',F' U' F,L2 D' U B2 D,U' L2 U2 L' U2 L2,L2 B2 D2 R' D2 B2 L2,L' B2 D' R D B2 L,R' U' F' U F R,R' U' R U' R' U2 R,R2 U R2 U R2 U2 B L B' R2 B L' B',B2 U' L' R B2 L R' U' B2,80
U2 R D' L2 D B' L R2 F2 D L' D2 R' U' B R B2 U B' L' U D' F' U2 D2,x2,L' B' F' L D L2 B,B U2 B',B' U' F U2 B F',L' B' U2 B L,R B' R B R2,U' F2 D2 B D2 F2,L' D2 B' R B D2 L,L' U2 B' U2 B U2 L,B L2 D F' D' L2 B',R' U' F' U F R,B' U2 B F' D F2 U F2 D' L2 F,L B L' F' D L D' B' L' F L2 U' L2,L2 F2 D2 R2 B F D2 L2 B F,93
R2 D R F U' R' D B F' D L B2 L2 R2 U2 F' D' U R B,x2,F R' B' D' L' B,R' U R,B' U' B,L' U L,R U2 B' R B R2,F2 D2 U2 B2 D2,L2 D U' F2 D',L B2 D F2 D' B2 L',R U' R U2 F R2 F' U2 R2,R U B U' B' R',R B' R' F R B R' F',R2 U R2 U R2 U2 B L B' R2 B L' B',F2 U B2 L2 U' R2 F2 L2 D' R2 U' F2,86
D2 L2 R2 B F U F' R' D' L2 F2 B2 R' L F2 R' L' F' L' U R B',x2,R' F' D L F2 R',B2 R B2 R',L U' L',U F2 L F2 L',R B' R B R2,F2 D2 U2 B2 D2,B2 R B2 R2 B' U' R B R,L B2 D F2 D' B2 L',B U B2 D' R2 D B,R U B U' B' R',B L F' L' B' L F L',U',F2 U L R' F2 L' R U F2,75
L' F2 L' U' R2 B2 F2 L B2 L D2 L2 R' D U R D F L2 R2,x2,L2 F D' F R,R' B' R2 B U' R,B' F U2 F' U B,U2 F U' F',R B' R B R2,R2 D' U F2 D,B2 D' R B U' B' D B2,U' B2 D2 F D2 B2,L F2 U F' U' F2 L',,R B' R' F R B R' F',R2 F2 R' B' R F2 R' B R',F2 U B2 L2 U' R2 F2 L2 D' R2 U' F2,81
U F' U' R2 B' U' F L' U2 B U R' U R B' D B F' L B',x2,B D2 B' D B R,R2 B' R2 B,L U L',F U F',F D2 B' D2 F',U' L2 D2 R' D2 L2,R2 D U B D' U' R2,L B2 D F2 D' B2 L',R' U2 B' R B U2 R,L U F U' F' L',F U2 F' U' F U' F',R2 F2 R' B' R F2 R' B R',B2 U L' R B2 L R' U B2,79
B D' B2 L2 D' B' U R2 D R' U' B' D2 F' L' D F' D' F L2 D2 B2 F' D,x2,L' U L' U B F2,R' U B' R2 B R,R' B2 R B2 R,U2 F U' F',U F' U2 F,L2 D2 R D2 L2,F2 D' U L2 D,L B2 D F2 D' B2 L',R' U2 B' R B U2 R,,B' U2 B U B' U B,B2 U B2 L' B R D B' D' L B R' B',R2 U' B' F R2 B F' U' R2,78
D' F2 L B D2 B2 F2 D B2 F U B2 F2 D B U' L2 F R2 D2 U B2,x2,L R2 F' L' D',R' U R,L U2 L',L' B' U2 B U' L,R U2 R',F2 D2 U2 B2 D2,U' L2 U2 L' U2 L2,L2 B2 D2 R' D2 B2 L2,R' U2 B' R' B U2 R,B' R' U' R U B,R U2 R2 U' R2 U' R2 U2 R,U R B' R F2 R' B R F2 R2,B2 U' L' R B2 L R' U' B2,79
U2 L2 D2 B' L2 D2 B2 R2 U2 F' U F2 U2 B D2 U2 L2 D' U2 R,x2,U2 F2 R2 D L,U R' U2 R,B' U' B,U' F U F',U F' U' F,L2 D' B L U' L' U B2 D,,,L' B2 D' R D B2 L,L U F U' F' L',B L F L' B' L F' L',F R' F L2 F' R F L2 F2,L2 U B F' L2 B' F U L2,68
F R B' F2 D B2 R2 L' D2 U' B D' R' U' D' B' R2 B2 R B L' B2,x2,B F2 L' D B F' D,U R' U' R,L2 B L2 B',L' B' U2 B L,R2 D B2 D' R2,R' B' R' B U R,U' L2 U2 L' U2 L2,L' U2 B' U' B U2 L,L F2 U F' U' F2 L',R U B U' B' R',B L F L' B' L F' L',U',L2 U B F' L2 B' F U L2,75
F2 U' B2 U D B2 U F' U2 F2 U2 D' R U2 D' B' U2 B2 F' U',x2,L2 F R D' F R,F R' F2 U' F R,B' R U' R' B,L' R U L R',R U2 R',L2 D2 R' D2 L2,R2 D U B D' U' R2,B2 D2 F D2 B2,R U' R U2 F R2 F' U2 R2,R' U' F' U F R,,L B L' F' D L D' B' L' F L2 U' L2,B2 U L' R B2 L R' U B2,79
L U2 L' U' F U L' D' U' L2 R2 F2 B2 U2 D2 R B2 F2 U2 B' R' L',x2,B2 F2 R D',R' B' R2 B R,B' U2 B,,F' U' F,B' U' L' B L B,U L2 U2 L' U2 L2,,L' B2 D' R D B2 L,R' U' F' U F R,B2 D F' L2 F D' B' U2 B',R D' F2 R2 U' L F2 L' U R2 F2 D R',B2 U' L' R B2 L R' U' B2,71
L' F2 U' D F2 U2 D' R2 B2 D' L2 U2 D B F2 D2 B2 R U L B2,x2,D' F2 L R' B F D,B U B',B' U2 B,U2 F U' F',R U2 R',B2 U2 B' U2 B2,U' L2 U2 L' U2 L2,L' U2 B' U2 B U2 L,B U B2 D' R2 D B,R B U B' U' R',B' U2 B F' D F2 U F2 D' L2 F,U,F2 U B2 L2 U' R2 F2 L2 D' R2 U' F2,75
F L2 U' L D F B' D' R2 L2 B' L B2 R' F2 R2 L' F' U L2 D2,x2,F2 D L R B D',B' R' U R2 B R',L2 F2 L2 F2,L' U2 L,R B' R B R2,B2 U2 B U2 B2,B' U2 R' U' R U2 B,L B2 D F2 D' B2 L',R U' R U2 F R2 F' U2 R2,R B U B' U' R',B U' F' U B' U' F,U L2 F2 L B L' F2 L B' L,,75
U L U2 B' R' L2 B U B2 U' R2 B D2 R2 B2 L' F2 L U B U' D2 F,x2,L B2 F2 D',R' U B' R2 B R,L U L',L' B' U2 B U' L,R U' R',,F2 D' U L2 D,L' U2 B' U' B U2 L,,R' U' F' U F R,R2 D' L F2 L' D R U2 R,R2 F2 R' B' R F2 R' B R',,58
B2 U L2 D2 B F2 U' L U' D' B L B' D2 R F' R2 B2 R2 D2 U2 B2,x2,L' B' R B F,B U' B',L U2 L',U2 F U' F',F D2 B' D2 F',R2 D' U F2 D,U' L2 U2 L' U2 L2,U' B2 D2 F D2 B2,R' U2 B' R2 B U2 R,F' U2 F R B2 L' B' L U2 B' R',L F' L' B L F L' B',R B' R F2 R' B R F2 R2,B2 U L' R B2 L R' U B2,81
R2 D' F' B' R U2 R2 L U R' D2 U L2 B' U2 L2 R B' F R2 B D F2 R2,x2,L' B D F',R' U R,F U B' U' B F',F U F',F' U' F,B2 U2 B' U2 B2,R2 D U B D' U' R2,B D F L F2 D' B' U' L',R U' R U2 F R2 F' U2 R2,L U F U' F' L',F U' B' U F' U' B,U B2 L2 B R B' L2 B R' B,F2 U L R' F2 L' R U F2,81
F' L D B' L D' B' F' R2 L2 F R' D2 F2 B' L U' B2 L2 U' F2 U2 B2 U' L,x2,F2 D F' L D2,R U R2 U2 R,B' U2 B,F U' F',R U2 B' R B R2,,B2 R B2 R2 B' U' R B R,U' B2 D2 F D2 B2,L F2 U F' U' F2 L',B' R' U' R U B,L F' L' B L F L' B',B2 R2 B' L' B R2 B' L B',B2 U' L' R B2 L R' U' B2,76
B2 F' R' D' U' L2 R' B' D F2 L2 R' F2 U D2 B2 D B' F2 D B' U' F' B U2,x2,B2 F' D F' L' B' D,R2 F2 R2 F2,L2 F2 L2 F2,U' F U F',R U2 B' R B R2,B2 U2 B U2 B2,B2 R B2 R2 B' U' R B R,U' B2 D2 F D2 B2,L F2 U F' U' F2 L',B' R' U' R U B,F' U2 F2 U F2 U F2 U2 F',B2 R2 B' L' B R2 B' L B',R2 U B' F R2 B F' U R2,85
U' R U B' R2 F U B' U2 B' R F L F2 D' U' L D R U2 R2 L' D2,x2,B' L U R2 F D' B,B U2 B',B' U' F U2 B F',U2 F U' F',U F' U2 F,L2 D' L U L' B' D L2,F2 D' U L2 D,B2 D2 F2 D2 B2,R' U2 B' R2 B U2 R,L U F U' F' L',F' U2 F2 U F2 U F2 U2 F',L B L' F' D L D' B' L' F L2 U' L2,F2 U L R' F2 L' R U F2,86
B' U2 F' D2 F D2 F' R D2 B F' D' L' D U B2 L' D2 B' U2 L D2 B' F U',x2,U2 L' B D2 B',R' B' R2 B U' R,L2 B L2 B',L' U B' U2 B L,R' D2 L D2 R,U F2 D2 B D2 F2,R2 D2 L D2 R2,F L F L' U' F',R' U2 B' R B U2 R,R B U B' U' R',F U' B' U F' U' B,R2 U R2 U R2 U2 B L B' R2 B L' B',,76
D2 U2 F B2 L B U' B' F2 D L U B' R L' B2 U' L' D' B' U L U,x2,R U' B' F L' R,B U2 B',B' F U2 F' U B,F U F',R' D2 L D2 R,B2 U2 B' U2 B2,B2 D' R B U' B' D B2,U B2 D2 F D2 B2,L' B2 D' R D B2 L,F' U2 F R B2 L' B' L U2 B' R',F R B R' F' R B' R',U' L2 F2 L B L' F2 L B' L,R2 U B' F R2 B F' U R2,87
U2 F' L' F2 R' D' B' R' U D F' R L F2 B' U2 R2 D' L' F2,x2,F2 D L' B D R2,R' U' R,L2 B L2 B',L' B' U2 B U' L,U F' U2 F,U' F2 D2 B D2 F2,B2 D' R B U' B' D B2,L' U2 B' U2 B U2 L,B U B2 D' R2 D B,,F R F' L F R' F' L',B2 R2 B' L' B R2 B' L B',F2 U' L R' F2 L' R U' F2,77
R' U2 L' F2 B2 R F U2 L R D' B2 F2 R U2 D2 F2 R' D U2 L R D',x2,U2 B2 U' L2 F' R',R U R2 U2 R,L U L',L' B' U2 B L,F' U' F,L2 D' L U L' B' D L2,,B2 D2 F' D2 B2,L F2 U F' U' F2 L',R B U B' U' R',L U2 L2 U' L2 U' L2 U2 L,B2 U B2 L' B R D B' D' L B R' B',F2 U' L R' F2 L' R U' F2,79
B U2 L D' L2 D2 R' F U2 D2 F2 D2 R B' L2 R B' R' U2 R L,x2,L' B' R D2 B2,R' U' R,B' U' B,L' U B' U2 B L,R' D2 L D2 R,F2 D2 U2 B2 D2,,L' U2 B' U2 B U2 L,R' U2 B' R' B U2 R,F' U2 F R B2 L' B' L U2 B' R',R2 D' L F2 L' D R U2 R,R B' R F2 R' B R F2 R2,L2 F2 D2 R2 B F D2 L2 B F,80
L F' U B D R' L' B' D R2 U' D2 F' B' R L B L R' B2 L D2 L',x2,D2 U R' F D L',B U2 B',R' B2 R B2 R,L' U B' U2 B L,R B' R B R2,L2 D' U B2 D,L B L B' U' L',B2 D2 F' D2 B2,R' U2 B' R2 B U2 R,,L2 B2 L' F2 L B2 L' F2 L',B2 R2 B' L' B R2 B' L B',,66
F U' B L' F' R2 B2 R' L F' L2 U B U2 D' R D R D R2 U' L2 R2 U',x2,D F' L2 D L,F R' U2 R F',B' R U' R' B,R' F R2 U R' F',R U2 B' R B R2,B2 U2 B' U2 B2,R2 D2 L' D2 R2,U' B2 D2 F D2 B2,B' R2 U' R U R2 B,R B U B' U' R',,F R' F L2 F' R F L2 F2,B2 U' L' R B2 L R' U' B2,74
F2 U2 B D L D2 F2 R L2 B2 R2 U' B2 D L F B2 U F2 B2 U,x2,R2 D R D2 B,U R' U2 R,B' U' B,F U F',R B' R B R2,,U L2 U2 L' U2 L2,L2 B2 D2 R' D2 B2 L2,R U' R U2 F R2 F' U2 R2,,L F' L' B L F L' B',L F' L B2 L' F L B2 L2,R2 U B' F R2 B F' U R2,68
L' F2 L2 D2 L2 B2 L2 B' U' R2 F2 B' U' R2 D' L F B2 R' U2 B F2 U,x2,L D' F' L' D2,F R' U2 R F',L' U2 L2 U' L',U2 F U' F',U F' U' F,B2 U2 B U2 B2,B' U2 R' U2 R U2 B,,R' U2 B' R' B U2 R,B' R' U' R U B,F' U2 F2 U F2 U F2 U2 F',U L2 F2 L B L' F2 L B' L,F2 U B2 L2 U' R2 F2 L2 D' R2 U' F2,79
F D2 R2 L B' D' L D' L U' F2 R' B D U' B2 U D2 L' R F' U2 R B' F',x2,L' D2 B F D B,R' B' R2 B U' R,B' R' U2 R B,U' F U F',F' U F,L2 D2 R D2 L2,R2 D2 L' D2 R2,L' U2 B' U2 B U2 L,R' U2 B' R B U2 R,R U B U' B' R',F' U B U' F U B',,,61
D' U2 F' R2 L' U' L F' R2 B2 U' D F2 L2 B D' B2 L B2 U' F' B' R' F' D,x2,L' B D F2 D2 F2,B L' U2 L B',L F' U2 F L',L' U' L,R U2 R',U' L2 D2 R' D2 L2,B2 D' R B U' B' D B2,B2 D2 F D2 B2,R' U2 B' R2 B U2 R,R' U' F' U F R,L2 B2 L' F2 L B2 L' F2 L',R B' R F2 R' B R F2 R2,F2 U L R' F2 L' R U F2,81
D' L' B2 R2 D U L2 R2 U F' B D' R' L B F2 U2 F2 L B' D2 R2,x2,B2 R' U F R',B U2 B',L U L',U F2 L F2 L',F' U2 F,L2 D' L U L' B' D L2,B2 R B2 R2 B' U' R B R,F L F L' U' F',R U' R U2 F R2 F' U2 R2,R B U B' U' R',L U2 L2 U' L2 U' L2 U2 L,F R' F L2 F' R F L2 F2,,75
L' R' B2 R U B' R' B2 U' D' R B' R2 F D2 R L2 U L2 F,x2,B2 L' D' F L R,R' B' R2 B U' R,L U2 L',U2 F U' F',,B' U' L' B L B,,U B2 D2 F D2 B2,L F2 U F' U' F2 L',L U F U' F' L',F' U2 F2 U F2 U F2 U2 F',R2 U R2 U R2 U2 B L B' R2 B L' B',R2 U B' F R2 B F' U R2,75
D R' U F U' R2 F U' B' F2 D2 L R B2 R2 U D B2 U D2 B' U' B U R2,x2,F R' F2 L' D,B F' U' B' F,B' F U2 F' U B,L' U B' U2 B L,F' U F,B2 U2 B' U2 B2,,F L F L' U' F',L' B2 D' R D B2 L,R U B U' B' R',R B L' B' R' B L B',U' L2 F2 L B L' F2 L B' L,L2 U B F' L2 B' F U L2,76
R2 B2 R F2 D U L U' F B' U' F2 L' D B F U' F' U' L2 R2,x2,U2 B2 D2 B R,B L' U2 L B',L2 F2 L2 F2,,R U2 R',L2 D2 R D2 L2,B' U2 R' U' R U2 B,L2 B2 D2 R' D2 B2 L2,,F' U2 F R B2 L' B' L U2 B' R',R U R' U R U2 R',B' R B' L2 B R' B' L2 B2,,63
R2 B F' R2 D2 R2 D2 U B' D2 R2 F R F' D2 U L2 R' U D' R2 D2 F',x2,R' B D F' D2 L,R' U' R,,F' U2 F2 U' F',,L2 D' U B2 D,,L2 B2 D2 R' D2 B2 L2,B' R2 U' R U R2 B,R B U B' U' R',R B R' F R B' R' F',U2,B2 U' L' R B2 L R' U' B2,57
B' F2 R2 B F' R2 B L F2 R' D R' D2 L' D2 B2 F2 L2 D' R2 D' L' R D' F2,x2,L D2 L' R' D,R2 B' R2 B,B' U2 B,U' F U F',R' D2 L D2 R,L2 D' B L U' L' U B2 D,U' L2 U2 L' U2 L2,B2 D2 F' D2 B2,R' U2 B' R B U2 R,F' U2 F R B2 L' B' L U2 B' R',R' U' R U' R' U2 R,R2 F2 R' B' R F2 R' B R',L2 F2 D2 R2 B F D2 L2 B F,85
R' U' R F' B' L2 D2 B' L U2 B2 R' U' L' U' L' R2 F D2 R' U2 D',x2,L2 F2 R' D F,B L' U2 L B',L2 F2 L2 F2,F U F',F' U F,L2 D' L U L' B' D L2,U L2 U2 L' U2 L2,L' U2 B' U2 B U2 L,R' U2 B' R2 B U2 R,,L F' L' B L F L' B',U2,L2 F2 D2 R2 B F D2 L2 B F,67
R' D F' L' U B2 L B' D B' U F' D R' F' R F2 L2 U' B2 D B' U2 L R2,x2,L' F' D L2,R2 B' R2 B,L F' U2 F L',L' U2 L,R U' R',L2 D' B L U' L' U B2 D,R2 D U B D' U' R2,B2 D2 F' D2 B2,B L2 D F' D' L2 B',L' U' B' U B L,,U' L2 F2 L B L' F2 L B' L,R2 U B' F R2 B F' U R2,72
F' D' U2 R2 L2 U' B' D L2 R F2 U2 L' B F L' U2 F R2 D',x2,L2 R2 F R D' R2,R2 F2 R2 F2,L2 B L2 B',F U F',R U R',L2 D' B L U' L' U B2 D,R2 D U B D' U' R2,B2 D2 F D2 B2,,L' U' B' U B L,L2 B2 L' F2 L B2 L' F2 L',R2 F2 R' B' R F2 R' B R',B2 U' L' R B2 L R' U' B2,74
L' U' D2 L B2 L' D U' F' B U2 B R' F D' L B F2 U' L' B2,x2,F' U' L2 B D B,B' R' U R2 B R',L2 F2 L2 F2,F U F',F' U' F,B2 U2 B U2 B2,U' L2 U2 L' U2 L2,B2 D2 F' D2 B2,B L2 D F' D' L2 B',L U F U' F' L',B L F L' B' L F' L',L' B L' F2 L B' L' F2 L2 U,L2 U' B F' L2 B' F U' L2,78
D U' R2 L F D2 U' F' D' B U' R' U R D' F R' B' U2 F' B2,x2,B U' B2 L' F',B U2 B',B' F U2 F' U B,U F2 L F2 L',R U2 B' R B R2,B' U' L' B L B,R2 D2 L' D2 R2,L B2 D F2 D' B2 L',R' U2 B' R B U2 R,R' U' F' U F R,F U' B' U F' U' B,L' B L' F2 L B' L' F2 L2,,72
D' B' L' U F2 L2 F U B' D L' B2 U2 B' R2 L2 F' R2 B2 L D',x2,R' B' L D' B,R' U R,B' U' B,F U' F',R U2 R',L2 D2 R D2 L2,B' U2 R' U2 R U2 B,B2 D2 F D2 B2,R' U2 B' R B U2 R,,B' U2 B U B' U B,R B' R F2 R' B R F2 R2,L2 U R2 B2 U' F2 L2 B2 D' F2 U' L2,69
R' F' U L' R F2 B2 R' U' F2 B D2 U2 R U' D2 L2 D B L' R D' F L2,x2,L2 D' F' D' B2,R' U2 R,F U B' U' B F',L' U' L,R U R',L2 D2 R' D2 L2,L' D2 B' R B D2 L,B2 D2 F' D2 B2,,R U B U' B' R',B' U2 B F' D F2 U F2 D' L2 F,U',,55
B' F' D B2 R2 U2 B' R B' D' F' R D L2 U2 D B U L B2 R2 D2,x2,F' U B' D2 L2,R U R2 U2 R,B' U2 B,F' U2 F2 U' F',R2 B' R' B U2 R',L2 D2 R' D2 L2,L' D2 B' R B D2 L,U B2 D2 F D2 B2,R' U2 B' R2 B U2 R,L U F U' F' L',B U2 B2 U' B2 U' B2 U2 B,U' L2 F2 L B L' F2 L B' L,R2 U' B' F R2 B F' U' R2,83
